target_id,rice_1,rice_2,rice_3,rice_4
BGIOSGA013239-TA,0.866025404,-0.866025404,0.866025404,-0.866025404
BGIOSGA022107-TA,0,0,0,0
BGIOSGA036507-TA,0.866025404,-0.866025404,0.866025404,-0.866025404
BGIOSGA032684-TA,0.866025404,-0.866025404,0.866025404,-0.866025404
BGIOSGA000752-TA,0.866025404,-0.866025404,0.866025404,-0.866025404
BGIOSGA019027-TA,0.866025404,-0.866025404,0.866025404,-0.866025404
BGIOSGA001652-TA,0.866025404,-0.866025404,0.866025404,-0.866025404
BGIOSGA022597-TA,0.866025404,-0.866025404,0.866025404,-0.866025404
BGIOSGA018579-TA,0.866025404,-0.866025404,0.866025404,-0.866025404
BGIOSGA004573-TA,0.866025404,-0.866025404,0.866025404,-0.866025404
BGIOSGA025853-TA,0.866025404,-0.866025404,0.866025404,-0.866025404
BGIOSGA013861-TA,0.866025404,-0.866025404,0.866025404,-0.866025404
BGIOSGA030264-TA,0.866025404,-0.866025404,0.866025404,-0.866025404
BGIOSGA001374-TA,0.866025404,-0.866025404,0.866025404,-0.866025404
BGIOSGA019269-TA,0.866025404,-0.866025404,0.866025404,-0.866025404
BGIOSGA024298-TA,0.866025404,-0.866025404,0.866025404,-0.866025404
BGIOSGA001937-TA,0.866025404,-0.866025404,0.866025404,-0.866025404
BGIOSGA003282-TA,0.866025404,-0.866025404,0.866025404,-0.866025404
BGIOSGA026959-TA,0.866025404,-0.866025404,0.866025404,-0.866025404
BGIOSGA024810-TA,0.866025404,-0.866025404,0.866025404,-0.866025404
BGIOSGA005535-TA,0.866025404,-0.866025404,0.866025404,-0.866025404
BGIOSGA021039-TA,0.866025404,-0.866025404,0.866025404,-0.866025404
BGIOSGA011771-TA,0.866025404,-0.866025404,0.866025404,-0.866025404
BGIOSGA023305-TA,0.866025404,-0.866025404,0.866025404,-0.866025404
BGIOSGA036370-TA,0.866025404,-0.866025404,0.866025404,-0.866025404
BGIOSGA020697-TA,0.866025404,-0.866025404,0.866025404,-0.866025404
BGIOSGA022741-TA,0.866025404,-0.866025404,0.866025404,-0.866025404
BGIOSGA003329-TA,0.866025404,-0.866025404,0.866025404,-0.866025404
BGIOSGA030267-TA,0.866025404,-0.866025404,0.866025404,-0.866025404
BGIOSGA005524-TA,0.866025404,-0.866025404,0.866025404,-0.866025404
BGIOSGA006058-TA,0.866025404,-0.866025404,0.866025404,-0.866025404
BGIOSGA005338-TA,0.866025404,-0.866025404,0.866025404,-0.866025404
BGIOSGA006740-TA,0.866025404,-0.866025404,0.866025404,-0.866025404
BGIOSGA016445-TA,0.866025404,-0.866025404,0.866025404,-0.866025404
BGIOSGA017051-TA,0.866025404,-0.866025404,0.866025404,-0.866025404
BGIOSGA034558-TA,0.866025404,-0.866025404,0.866025404,-0.866025404
BGIOSGA013685-TA,0.866025404,-0.866025404,0.866025404,-0.866025404
BGIOSGA032612-TA,0.866025404,-0.866025404,0.866025404,-0.866025404
BGIOSGA011915-TA,0.866025404,-0.866025404,0.866025404,-0.866025404
BGIOSGA012010-TA,0.866025404,-0.866025404,0.866025404,-0.866025404
BGIOSGA022028-TA,0.866025404,-0.866025404,0.866025404,-0.866025404
BGIOSGA034623-TA,0.866025404,-0.866025404,0.866025404,-0.866025404
BGIOSGA024650-TA,0.866025404,-0.866025404,0.866025404,-0.866025404
BGIOSGA025705-TA,0.866025404,-0.866025404,0.866025404,-0.866025404
BGIOSGA007786-TA,0.866025404,-0.866025404,0.866025404,-0.866025404
BGIOSGA031981-TA,0.866025404,-0.866025404,0.866025404,-0.866025404
BGIOSGA035250-TA,0.866025404,-0.866025404,0.866025404,-0.866025404
BGIOSGA012285-TA,0.866025404,-0.866025404,0.866025404,-0.866025404
BGIOSGA032339-TA,0.866025404,-0.866025404,0.866025404,-0.866025404
BGIOSGA032341-TA,0.866025404,-0.866025404,0.866025404,-0.866025404
BGIOSGA025258-TA,0.866025404,-0.866025404,0.866025404,-0.866025404
BGIOSGA014372-TA,0.866025404,-0.866025404,0.866025404,-0.866025404
BGIOSGA023183-TA,0.866025404,-0.866025404,0.866025404,-0.866025404
BGIOSGA014312-TA,0.866025404,-0.866025404,0.866025404,-0.866025404
BGIOSGA034158-TA,0.866025404,-0.866025404,0.866025404,-0.866025404
BGIOSGA037603-TA,0.866025404,-0.866025404,0.866025404,-0.866025404
BGIOSGA035646-TA,0.866025404,-0.866025404,0.866025404,-0.866025404
BGIOSGA000353-TA,0.866025404,-0.866025404,0.866025404,-0.866025404
BGIOSGA004642-TA,0.866025404,-0.866025404,0.866025404,-0.866025404
BGIOSGA020421-TA,0.866025404,-0.866025404,0.866025404,-0.866025404
BGIOSGA036737-TA,0.866025404,-0.866025404,0.866025404,-0.866025404
BGIOSGA010543-TA,0.866025404,-0.866025404,0.866025404,-0.866025404
BGIOSGA035696-TA,0.866025404,-0.866025404,0.866025404,-0.866025404
BGIOSGA031970-TA,0.866025404,-0.866025404,0.866025404,-0.866025404
BGIOSGA033278-TA,0.866025404,-0.866025404,0.866025404,-0.866025404
BGIOSGA017413-TA,0.866025404,-0.866025404,0.866025404,-0.866025404
BGIOSGA002879-TA,0.866025404,-0.866025404,0.866025404,-0.866025404
BGIOSGA014498-TA,0.866025404,-0.866025404,0.866025404,-0.866025404
BGIOSGA012352-TA,0.866025404,-0.866025404,0.866025404,-0.866025404
BGIOSGA037575-TA,0.866025404,-0.866025404,0.866025404,-0.866025404
BGIOSGA017799-TA,0.866025404,-0.866025404,0.866025404,-0.866025404
BGIOSGA012665-TA,0.866025404,-0.866025404,0.866025404,-0.866025404
BGIOSGA012251-TA,0.866025404,-0.866025404,0.866025404,-0.866025404
BGIOSGA011659-TA,0.866025404,-0.866025404,0.866025404,-0.866025404
BGIOSGA029593-TA,0.866025404,-0.866025404,0.866025404,-0.866025404
BGIOSGA029906-TA,0.866025404,-0.866025404,0.866025404,-0.866025404
BGIOSGA001317-TA,0.866025404,-0.866025404,0.866025404,-0.866025404
BGIOSGA017996-TA,0.866025404,-0.866025404,0.866025404,-0.866025404
BGIOSGA029174-TA,0.866025404,-0.866025404,0.866025404,-0.866025404
BGIOSGA030052-TA,0.866025404,-0.866025404,0.866025404,-0.866025404
BGIOSGA021325-TA,0.866025404,-0.866025404,0.866025404,-0.866025404
BGIOSGA002801-TA,0.866025404,-0.866025404,0.866025404,-0.866025404
BGIOSGA013573-TA,0.866025404,-0.866025404,0.866025404,-0.866025404
BGIOSGA005314-TA,0.866025404,-0.866025404,0.866025404,-0.866025404
BGIOSGA028991-TA,0.866025404,-0.866025404,0.866025404,-0.866025404
BGIOSGA008967-TA,0.866025404,-0.866025404,0.866025404,-0.866025404
BGIOSGA008904-TA,0.866025404,-0.866025404,0.866025404,-0.866025404
BGIOSGA036743-TA,0.866025404,-0.866025404,0.866025404,-0.866025404
BGIOSGA001054-TA,0.866025404,-0.866025404,0.866025404,-0.866025404
BGIOSGA031597-TA,0.866025404,-0.866025404,0.866025404,-0.866025404
BGIOSGA017253-TA,0.866025404,-0.866025404,0.866025404,-0.866025404
BGIOSGA011478-TA,0.866025404,-0.866025404,0.866025404,-0.866025404
BGIOSGA020453-TA,0.866025404,-0.866025404,0.866025404,-0.866025404
BGIOSGA012617-TA,0.866025404,-0.866025404,0.866025404,-0.866025404
BGIOSGA012069-TA,0.866025404,-0.866025404,0.866025404,-0.866025404
BGIOSGA036929-TA,0.866025404,-0.866025404,0.866025404,-0.866025404
BGIOSGA025635-TA,0.866025404,-0.866025404,0.866025404,-0.866025404
BGIOSGA024671-TA,0.866025404,-0.866025404,0.866025404,-0.866025404
BGIOSGA015338-TA,0.866025404,-0.866025404,0.866025404,-0.866025404
BGIOSGA026582-TA,-0.866025404,0.866025404,-0.866025404,0.866025404
BGIOSGA034934-TA,0.866025404,-0.866025404,0.866025404,-0.866025404
BGIOSGA004297-TA,0.866025404,-0.866025404,0.866025404,-0.866025404
BGIOSGA004794-TA,0.866025404,-0.866025404,0.866025404,-0.866025404
BGIOSGA036344-TA,0.866025404,-0.866025404,0.866025404,-0.866025404
BGIOSGA028838-TA,0.866025404,-0.866025404,0.866025404,-0.866025404
BGIOSGA032771-TA,0.866025404,-0.866025404,0.866025404,-0.866025404
BGIOSGA020994-TA,0.866025404,-0.866025404,0.866025404,-0.866025404
BGIOSGA030668-TA,0.866025404,-0.866025404,0.866025404,-0.866025404
BGIOSGA015553-TA,0.866025404,-0.866025404,0.866025404,-0.866025404
BGIOSGA021922-TA,0.866025404,-0.866025404,0.866025404,-0.866025404
BGIOSGA012630-TA,0.866025404,-0.866025404,0.866025404,-0.866025404
BGIOSGA013993-TA,0.866025404,-0.866025404,0.866025404,-0.866025404
BGIOSGA015205-TA,0.866025404,-0.866025404,0.866025404,-0.866025404
BGIOSGA033671-TA,0.866025404,-0.866025404,0.866025404,-0.866025404
BGIOSGA016279-TA,0.866025404,-0.866025404,0.866025404,-0.866025404
BGIOSGA001035-TA,0.866025404,-0.866025404,0.866025404,-0.866025404
BGIOSGA006781-TA,0.866025404,-0.866025404,0.866025404,-0.866025404
BGIOSGA009088-TA,0.866025404,-0.866025404,0.866025404,-0.866025404
BGIOSGA033818-TA,0.866025404,-0.866025404,0.866025404,-0.866025404
BGIOSGA036769-TA,0.866025404,-0.866025404,0.866025404,-0.866025404
BGIOSGA020768-TA,0.866025404,-0.866025404,0.866025404,-0.866025404
BGIOSGA004032-TA,0.866025404,-0.866025404,0.866025404,-0.866025404
BGIOSGA011521-TA,0.866025404,-0.866025404,0.866025404,-0.866025404
BGIOSGA002543-TA,0.866025404,-0.866025404,0.866025404,-0.866025404
BGIOSGA014738-TA,0.866025404,-0.866025404,0.866025404,-0.866025404
BGIOSGA030115-TA,0.866025404,-0.866025404,0.866025404,-0.866025404
BGIOSGA032409-TA,0.866025404,-0.866025404,0.866025404,-0.866025404
BGIOSGA011545-TA,0.866025404,-0.866025404,0.866025404,-0.866025404
BGIOSGA023506-TA,0.866025404,-0.866025404,0.866025404,-0.866025404
BGIOSGA017447-TA,0.866025404,-0.866025404,0.866025404,-0.866025404
BGIOSGA010822-TA,0.866025404,-0.866025404,0.866025404,-0.866025404
BGIOSGA036411-TA,0.866025404,-0.866025404,0.866025404,-0.866025404
BGIOSGA021744-TA,0.866025404,-0.866025404,0.866025404,-0.866025404
BGIOSGA018808-TA,0.866025404,-0.866025404,0.866025404,-0.866025404
BGIOSGA009238-TA,0.866025404,-0.866025404,0.866025404,-0.866025404
BGIOSGA034996-TA,0.866025404,-0.866025404,0.866025404,-0.866025404
BGIOSGA017022-TA,0.866025404,-0.866025404,0.866025404,-0.866025404
BGIOSGA026374-TA,0.866025404,-0.866025404,0.866025404,-0.866025404
BGIOSGA026574-TA,0.866025404,-0.866025404,0.866025404,-0.866025404
BGIOSGA011981-TA,0.866025404,-0.866025404,0.866025404,-0.866025404
BGIOSGA000287-TA,0.866025404,-0.866025404,0.866025404,-0.866025404
BGIOSGA019471-TA,0.866025404,-0.866025404,0.866025404,-0.866025404
BGIOSGA008012-TA,0.866025404,-0.866025404,0.866025404,-0.866025404
BGIOSGA005804-TA,0.866025404,-0.866025404,0.866025404,-0.866025404
BGIOSGA014807-TA,0.866025404,-0.866025404,0.866025404,-0.866025404
BGIOSGA028154-TA,0.866025404,-0.866025404,0.866025404,-0.866025404
BGIOSGA016963-TA,0.866025404,-0.866025404,0.866025404,-0.866025404
BGIOSGA007204-TA,0.866025404,-0.866025404,0.866025404,-0.866025404
BGIOSGA017292-TA,0.866025404,-0.866025404,0.866025404,-0.866025404
BGIOSGA004150-TA,0.866025404,-0.866025404,0.866025404,-0.866025404
BGIOSGA001229-TA,0.866025404,-0.866025404,0.866025404,-0.866025404
BGIOSGA027684-TA,0.866025404,-0.866025404,0.866025404,-0.866025404
BGIOSGA035833-TA,0.866025404,-0.866025404,0.866025404,-0.866025404
BGIOSGA028245-TA,0.866025404,-0.866025404,0.866025404,-0.866025404
BGIOSGA011678-TA,0.866025404,-0.866025404,0.866025404,-0.866025404
BGIOSGA011603-TA,0.866025404,-0.866025404,0.866025404,-0.866025404
BGIOSGA026891-TA,0.866025404,-0.866025404,0.866025404,-0.866025404
BGIOSGA016256-TA,0.866025404,-0.866025404,0.866025404,-0.866025404
BGIOSGA032811-TA,0.866025404,-0.866025404,0.866025404,-0.866025404
BGIOSGA003012-TA,0.866025404,-0.866025404,0.866025404,-0.866025404
BGIOSGA017955-TA,0.866025404,-0.866025404,0.866025404,-0.866025404
BGIOSGA002397-TA,0.866025404,-0.866025404,0.866025404,-0.866025404
BGIOSGA005462-TA,0.866025404,-0.866025404,0.866025404,-0.866025404
BGIOSGA024253-TA,0.866025404,-0.866025404,0.866025404,-0.866025404
BGIOSGA019891-TA,0.866025404,-0.866025404,0.866025404,-0.866025404
BGIOSGA028970-TA,0.866025404,-0.866025404,0.866025404,-0.866025404
BGIOSGA017032-TA,0.866025404,-0.866025404,0.866025404,-0.866025404
BGIOSGA019796-TA,0.866025404,-0.866025404,0.866025404,-0.866025404
BGIOSGA002724-TA,0.866025404,-0.866025404,0.866025404,-0.866025404
BGIOSGA026898-TA,0.866025404,-0.866025404,0.866025404,-0.866025404
BGIOSGA027484-TA,0.866025404,-0.866025404,0.866025404,-0.866025404
BGIOSGA005912-TA,0.866025404,-0.866025404,0.866025404,-0.866025404
BGIOSGA006504-TA,0.866025404,-0.866025404,0.866025404,-0.866025404
BGIOSGA009896-TA,0.866025404,-0.866025404,0.866025404,-0.866025404
BGIOSGA002694-TA,0.866025404,-0.866025404,0.866025404,-0.866025404
BGIOSGA024834-TA,0.866025404,-0.866025404,0.866025404,-0.866025404
BGIOSGA021310-TA,0.866025404,-0.866025404,0.866025404,-0.866025404
BGIOSGA001522-TA,0.866025404,-0.866025404,0.866025404,-0.866025404
BGIOSGA025967-TA,0.866025404,-0.866025404,0.866025404,-0.866025404
BGIOSGA013429-TA,0.866025404,-0.866025404,0.866025404,-0.866025404
BGIOSGA013815-TA,0.866025404,-0.866025404,0.866025404,-0.866025404
BGIOSGA009667-TA,0.866025404,-0.866025404,0.866025404,-0.866025404
BGIOSGA024666-TA,0.866025404,-0.866025404,0.866025404,-0.866025404
BGIOSGA012071-TA,0.866025404,-0.866025404,0.866025404,-0.866025404
BGIOSGA018784-TA,0.866025404,-0.866025404,0.866025404,-0.866025404
BGIOSGA000259-TA,0.866025404,-0.866025404,0.866025404,-0.866025404
BGIOSGA024903-TA,0.866025404,-0.866025404,0.866025404,-0.866025404
BGIOSGA013920-TA,0.866025404,-0.866025404,0.866025404,-0.866025404
BGIOSGA013307-TA,0.866025404,-0.866025404,0.866025404,-0.866025404
BGIOSGA028863-TA,0.866025404,-0.866025404,0.866025404,-0.866025404
BGIOSGA033540-TA,0.866025404,-0.866025404,0.866025404,-0.866025404
BGIOSGA009959-TA,0.866025404,-0.866025404,0.866025404,-0.866025404
BGIOSGA033847-TA,0.866025404,-0.866025404,0.866025404,-0.866025404
BGIOSGA015308-TA,0.866025404,-0.866025404,0.866025404,-0.866025404
BGIOSGA029518-TA,0.866025404,-0.866025404,0.866025404,-0.866025404
BGIOSGA002592-TA,0.866025404,-0.866025404,0.866025404,-0.866025404
BGIOSGA035306-TA,0.866025404,-0.866025404,0.866025404,-0.866025404
BGIOSGA007026-TA,0.866025404,-0.866025404,0.866025404,-0.866025404
BGIOSGA022348-TA,0.866025404,-0.866025404,0.866025404,-0.866025404
BGIOSGA024766-TA,0.866025404,-0.866025404,0.866025404,-0.866025404
BGIOSGA016846-TA,0.866025404,-0.866025404,0.866025404,-0.866025404
BGIOSGA006536-TA,0.866025404,-0.866025404,0.866025404,-0.866025404
BGIOSGA031138-TA,0.866025404,-0.866025404,0.866025404,-0.866025404
BGIOSGA018772-TA,0.866025404,-0.866025404,0.866025404,-0.866025404
BGIOSGA029757-TA,0.866025404,-0.866025404,0.866025404,-0.866025404
BGIOSGA013779-TA,0.866025404,-0.866025404,0.866025404,-0.866025404
BGIOSGA020777-TA,0.866025404,-0.866025404,0.866025404,-0.866025404
BGIOSGA022893-TA,0.866025404,-0.866025404,0.866025404,-0.866025404
BGIOSGA017626-TA,0.866025404,-0.866025404,0.866025404,-0.866025404
BGIOSGA002896-TA,0.866025404,-0.866025404,0.866025404,-0.866025404
BGIOSGA033727-TA,0.866025404,-0.866025404,0.866025404,-0.866025404
BGIOSGA013566-TA,0.866025404,-0.866025404,0.866025404,-0.866025404
BGIOSGA007215-TA,0.866025404,-0.866025404,0.866025404,-0.866025404
BGIOSGA023300-TA,0.866025404,-0.866025404,0.866025404,-0.866025404
BGIOSGA004756-TA,0.866025404,-0.866025404,0.866025404,-0.866025404
BGIOSGA035831-TA,0.866025404,-0.866025404,0.866025404,-0.866025404
BGIOSGA003768-TA,0.866025404,-0.866025404,0.866025404,-0.866025404
BGIOSGA023713-TA,0.866025404,-0.866025404,0.866025404,-0.866025404
BGIOSGA020263-TA,0.866025404,-0.866025404,0.866025404,-0.866025404
BGIOSGA016114-TA,0.866025404,-0.866025404,0.866025404,-0.866025404
BGIOSGA035641-TA,0.866025404,-0.866025404,0.866025404,-0.866025404
BGIOSGA023858-TA,0.866025404,-0.866025404,0.866025404,-0.866025404
BGIOSGA002961-TA,0.866025404,-0.866025404,0.866025404,-0.866025404
BGIOSGA002410-TA,0.866025404,-0.866025404,0.866025404,-0.866025404
BGIOSGA016610-TA,0.866025404,-0.866025404,0.866025404,-0.866025404
BGIOSGA025172-TA,0.866025404,-0.866025404,0.866025404,-0.866025404
BGIOSGA007400-TA,0.866025404,-0.866025404,0.866025404,-0.866025404
BGIOSGA008898-TA,0.866025404,-0.866025404,0.866025404,-0.866025404
BGIOSGA037059-TA,0.866025404,-0.866025404,0.866025404,-0.866025404
BGIOSGA009569-TA,0.866025404,-0.866025404,0.866025404,-0.866025404
BGIOSGA000111-TA,0.866025404,-0.866025404,0.866025404,-0.866025404
BGIOSGA012790-TA,0.866025404,-0.866025404,0.866025404,-0.866025404
BGIOSGA011066-TA,0.866025404,-0.866025404,0.866025404,-0.866025404
BGIOSGA014274-TA,0.866025404,-0.866025404,0.866025404,-0.866025404
BGIOSGA007130-TA,0.866025404,-0.866025404,0.866025404,-0.866025404
BGIOSGA018909-TA,0.866025404,-0.866025404,0.866025404,-0.866025404
BGIOSGA021924-TA,0.866025404,-0.866025404,0.866025404,-0.866025404
BGIOSGA019255-TA,0.866025404,-0.866025404,0.866025404,-0.866025404
BGIOSGA026732-TA,0.866025404,-0.866025404,0.866025404,-0.866025404
BGIOSGA005375-TA,0.866025404,-0.866025404,0.866025404,-0.866025404
BGIOSGA017670-TA,0.866025404,-0.866025404,0.866025404,-0.866025404
BGIOSGA030777-TA,0.866025404,-0.866025404,0.866025404,-0.866025404
BGIOSGA029218-TA,0.866025404,-0.866025404,0.866025404,-0.866025404
BGIOSGA009273-TA,0.866025404,-0.866025404,0.866025404,-0.866025404
BGIOSGA033356-TA,0.866025404,-0.866025404,0.866025404,-0.866025404
BGIOSGA021526-TA,0.866025404,-0.866025404,0.866025404,-0.866025404
BGIOSGA016900-TA,0.866025404,-0.866025404,0.866025404,-0.866025404
BGIOSGA006646-TA,0.866025404,-0.866025404,0.866025404,-0.866025404
BGIOSGA029772-TA,0.866025404,-0.866025404,0.866025404,-0.866025404
BGIOSGA029310-TA,0.866025404,-0.866025404,0.866025404,-0.866025404
BGIOSGA035785-TA,0.866025404,-0.866025404,0.866025404,-0.866025404
BGIOSGA031077-TA,0.866025404,-0.866025404,0.866025404,-0.866025404
BGIOSGA009653-TA,0.866025404,-0.866025404,0.866025404,-0.866025404
BGIOSGA023602-TA,0.866025404,-0.866025404,0.866025404,-0.866025404
BGIOSGA010124-TA,0.866025404,-0.866025404,0.866025404,-0.866025404
BGIOSGA014273-TA,0.866025404,-0.866025404,0.866025404,-0.866025404
BGIOSGA012002-TA,0.866025404,-0.866025404,0.866025404,-0.866025404
BGIOSGA030467-TA,0.866025404,-0.866025404,0.866025404,-0.866025404
BGIOSGA033298-TA,0.866025404,-0.866025404,0.866025404,-0.866025404
BGIOSGA028276-TA,0.866025404,-0.866025404,0.866025404,-0.866025404
BGIOSGA016787-TA,0.866025404,-0.866025404,0.866025404,-0.866025404
BGIOSGA022935-TA,0.866025404,-0.866025404,0.866025404,-0.866025404
BGIOSGA031521-TA,0.866025404,-0.866025404,0.866025404,-0.866025404
BGIOSGA022233-TA,0.866025404,-0.866025404,0.866025404,-0.866025404
BGIOSGA026507-TA,0.866025404,-0.866025404,0.866025404,-0.866025404
BGIOSGA035467-TA,0.866025404,-0.866025404,0.866025404,-0.866025404
BGIOSGA009672-TA,0.866025404,-0.866025404,0.866025404,-0.866025404
BGIOSGA035907-TA,0.866025404,-0.866025404,0.866025404,-0.866025404
BGIOSGA011386-TA,0.866025404,-0.866025404,0.866025404,-0.866025404
BGIOSGA007723-TA,0.866025404,-0.866025404,0.866025404,-0.866025404
BGIOSGA024066-TA,0.866025404,-0.866025404,0.866025404,-0.866025404
BGIOSGA012836-TA,0.866025404,-0.866025404,0.866025404,-0.866025404
BGIOSGA034650-TA,0.866025404,-0.866025404,0.866025404,-0.866025404
BGIOSGA010969-TA,0.866025404,-0.866025404,0.866025404,-0.866025404
BGIOSGA036714-TA,0.866025404,-0.866025404,0.866025404,-0.866025404
BGIOSGA022559-TA,0.866025404,-0.866025404,0.866025404,-0.866025404
BGIOSGA020781-TA,0.866025404,-0.866025404,0.866025404,-0.866025404
BGIOSGA010785-TA,0.866025404,-0.866025404,0.866025404,-0.866025404
BGIOSGA022197-TA,0.866025404,-0.866025404,0.866025404,-0.866025404
BGIOSGA022423-TA,0.866025404,-0.866025404,0.866025404,-0.866025404
BGIOSGA007051-TA,0.866025404,-0.866025404,0.866025404,-0.866025404
BGIOSGA029533-TA,0.866025404,-0.866025404,0.866025404,-0.866025404
BGIOSGA035578-TA,0.866025404,-0.866025404,0.866025404,-0.866025404
BGIOSGA021574-TA,0.866025404,-0.866025404,0.866025404,-0.866025404
BGIOSGA001108-TA,0.866025404,-0.866025404,0.866025404,-0.866025404
BGIOSGA007824-TA,0.866025404,-0.866025404,0.866025404,-0.866025404
BGIOSGA025755-TA,0.866025404,-0.866025404,0.866025404,-0.866025404
BGIOSGA017981-TA,0.866025404,-0.866025404,0.866025404,-0.866025404
BGIOSGA036883-TA,0.866025404,-0.866025404,0.866025404,-0.866025404
BGIOSGA022536-TA,0.866025404,-0.866025404,0.866025404,-0.866025404
BGIOSGA012134-TA,0.866025404,-0.866025404,0.866025404,-0.866025404
BGIOSGA004895-TA,0.866025404,-0.866025404,0.866025404,-0.866025404
BGIOSGA011034-TA,0.866025404,-0.866025404,0.866025404,-0.866025404
BGIOSGA013758-TA,0.866025404,-0.866025404,0.866025404,-0.866025404
BGIOSGA021372-TA,0.866025404,-0.866025404,0.866025404,-0.866025404
BGIOSGA007370-TA,0.866025404,-0.866025404,0.866025404,-0.866025404
BGIOSGA027456-TA,0.866025404,-0.866025404,0.866025404,-0.866025404
BGIOSGA003086-TA,0.866025404,-0.866025404,0.866025404,-0.866025404
BGIOSGA003802-TA,0.866025404,-0.866025404,0.866025404,-0.866025404
BGIOSGA012208-TA,0.866025404,-0.866025404,0.866025404,-0.866025404
BGIOSGA003264-TA,0.866025404,-0.866025404,0.866025404,-0.866025404
BGIOSGA035842-TA,0.866025404,-0.866025404,0.866025404,-0.866025404
BGIOSGA001020-TA,0.866025404,-0.866025404,0.866025404,-0.866025404
BGIOSGA023146-TA,0.866025404,-0.866025404,0.866025404,-0.866025404
BGIOSGA031494-TA,0.866025404,-0.866025404,0.866025404,-0.866025404
BGIOSGA015972-TA,0.866025404,-0.866025404,0.866025404,-0.866025404
BGIOSGA001749-TA,0.866025404,-0.866025404,0.866025404,-0.866025404
BGIOSGA029651-TA,0.866025404,-0.866025404,0.866025404,-0.866025404
BGIOSGA027049-TA,0.866025404,-0.866025404,0.866025404,-0.866025404
BGIOSGA017714-TA,0.866025404,-0.866025404,0.866025404,-0.866025404
BGIOSGA017225-TA,0.866025404,-0.866025404,0.866025404,-0.866025404
BGIOSGA005369-TA,0.866025404,-0.866025404,0.866025404,-0.866025404
BGIOSGA006276-TA,0.866025404,-0.866025404,0.866025404,-0.866025404
BGIOSGA014245-TA,0.866025404,-0.866025404,0.866025404,-0.866025404
BGIOSGA026345-TA,0.866025404,-0.866025404,0.866025404,-0.866025404
BGIOSGA004933-TA,0.866025404,-0.866025404,0.866025404,-0.866025404
BGIOSGA025386-TA,0.866025404,-0.866025404,0.866025404,-0.866025404
BGIOSGA015943-TA,0.866025404,-0.866025404,0.866025404,-0.866025404
BGIOSGA022680-TA,0.866025404,-0.866025404,0.866025404,-0.866025404
BGIOSGA030307-TA,0.866025404,-0.866025404,0.866025404,-0.866025404
BGIOSGA014504-TA,0.866025404,-0.866025404,0.866025404,-0.866025404
BGIOSGA009948-TA,0.866025404,-0.866025404,0.866025404,-0.866025404
BGIOSGA013436-TA,0.866025404,-0.866025404,0.866025404,-0.866025404
BGIOSGA036804-TA,0.866025404,-0.866025404,0.866025404,-0.866025404
BGIOSGA033134-TA,0.866025404,-0.866025404,0.866025404,-0.866025404
BGIOSGA023560-TA,0.866025404,-0.866025404,0.866025404,-0.866025404
BGIOSGA035376-TA,0.866025404,-0.866025404,0.866025404,-0.866025404
BGIOSGA001269-TA,0.866025404,-0.866025404,0.866025404,-0.866025404
BGIOSGA037790-TA,0.866025404,-0.866025404,0.866025404,-0.866025404
BGIOSGA004448-TA,0.866025404,-0.866025404,0.866025404,-0.866025404
BGIOSGA008404-TA,0.866025404,-0.866025404,0.866025404,-0.866025404
BGIOSGA036576-TA,0.866025404,-0.866025404,0.866025404,-0.866025404
BGIOSGA003683-TA,0.866025404,-0.866025404,0.866025404,-0.866025404
BGIOSGA008206-TA,0.866025404,-0.866025404,0.866025404,-0.866025404
BGIOSGA023043-TA,0.866025404,-0.866025404,0.866025404,-0.866025404
BGIOSGA011626-TA,0.866025404,-0.866025404,0.866025404,-0.866025404
BGIOSGA020087-TA,0.866025404,-0.866025404,0.866025404,-0.866025404
BGIOSGA012144-TA,0.866025404,-0.866025404,0.866025404,-0.866025404
BGIOSGA029456-TA,0.866025404,-0.866025404,0.866025404,-0.866025404
BGIOSGA006431-TA,0.866025404,-0.866025404,0.866025404,-0.866025404
BGIOSGA014561-TA,0.866025404,-0.866025404,0.866025404,-0.866025404
BGIOSGA008795-TA,0.866025404,-0.866025404,0.866025404,-0.866025404
BGIOSGA011837-TA,0.866025404,-0.866025404,0.866025404,-0.866025404
BGIOSGA023884-TA,0.866025404,-0.866025404,0.866025404,-0.866025404
BGIOSGA010897-TA,0.866025404,-0.866025404,0.866025404,-0.866025404
BGIOSGA032377-TA,0.866025404,-0.866025404,0.866025404,-0.866025404
BGIOSGA002819-TA,0.866025404,-0.866025404,0.866025404,-0.866025404
BGIOSGA003862-TA,0.866025404,-0.866025404,0.866025404,-0.866025404
BGIOSGA004494-TA,0.866025404,-0.866025404,0.866025404,-0.866025404
BGIOSGA014475-TA,0.866025404,-0.866025404,0.866025404,-0.866025404
BGIOSGA012742-TA,0.866025404,-0.866025404,0.866025404,-0.866025404
BGIOSGA003291-TA,0.866025404,-0.866025404,0.866025404,-0.866025404
BGIOSGA000495-TA,0.866025404,-0.866025404,0.866025404,-0.866025404
BGIOSGA016311-TA,0.866025404,-0.866025404,0.866025404,-0.866025404
BGIOSGA025538-TA,0.866025404,-0.866025404,0.866025404,-0.866025404
BGIOSGA008050-TA,0.866025404,-0.866025404,0.866025404,-0.866025404
BGIOSGA010596-TA,0.866025404,-0.866025404,0.866025404,-0.866025404
BGIOSGA025641-TA,0.866025404,-0.866025404,0.866025404,-0.866025404
BGIOSGA008815-TA,0.866025404,-0.866025404,0.866025404,-0.866025404
BGIOSGA012235-TA,0.866025404,-0.866025404,0.866025404,-0.866025404
BGIOSGA011245-TA,0.866025404,-0.866025404,0.866025404,-0.866025404
BGIOSGA014886-TA,0.866025404,-0.866025404,0.866025404,-0.866025404
BGIOSGA025958-TA,0.866025404,-0.866025404,0.866025404,-0.866025404
BGIOSGA011057-TA,0.866025404,-0.866025404,0.866025404,-0.866025404
BGIOSGA014394-TA,0.866025404,-0.866025404,0.866025404,-0.866025404
BGIOSGA009515-TA,0.866025404,-0.866025404,0.866025404,-0.866025404
BGIOSGA032130-TA,0.866025404,-0.866025404,0.866025404,-0.866025404
BGIOSGA015616-TA,0.866025404,-0.866025404,0.866025404,-0.866025404
BGIOSGA025213-TA,0.866025404,-0.866025404,0.866025404,-0.866025404
BGIOSGA033560-TA,0.866025404,-0.866025404,0.866025404,-0.866025404
BGIOSGA034091-TA,0.866025404,-0.866025404,0.866025404,-0.866025404
BGIOSGA027774-TA,0.866025404,-0.866025404,0.866025404,-0.866025404
BGIOSGA026334-TA,0.866025404,-0.866025404,0.866025404,-0.866025404
BGIOSGA005196-TA,0.866025404,-0.866025404,0.866025404,-0.866025404
BGIOSGA013067-TA,0.866025404,-0.866025404,0.866025404,-0.866025404
BGIOSGA014157-TA,0.866025404,-0.866025404,0.866025404,-0.866025404
BGIOSGA014528-TA,0.866025404,-0.866025404,0.866025404,-0.866025404
BGIOSGA019166-TA,0.866025404,-0.866025404,0.866025404,-0.866025404
BGIOSGA005573-TA,0.866025404,-0.866025404,0.866025404,-0.866025404
BGIOSGA017911-TA,0.866025404,-0.866025404,0.866025404,-0.866025404
BGIOSGA024372-TA,0.866025404,-0.866025404,0.866025404,-0.866025404
BGIOSGA036074-TA,0.866025404,-0.866025404,0.866025404,-0.866025404
BGIOSGA006957-TA,0.866025404,-0.866025404,0.866025404,-0.866025404
BGIOSGA003104-TA,0.866025404,-0.866025404,0.866025404,-0.866025404
BGIOSGA025604-TA,0.866025404,-0.866025404,0.866025404,-0.866025404
BGIOSGA014973-TA,0.866025404,-0.866025404,0.866025404,-0.866025404
BGIOSGA024184-TA,0.866025404,-0.866025404,0.866025404,-0.866025404
BGIOSGA028057-TA,0.866025404,-0.866025404,0.866025404,-0.866025404
BGIOSGA008840-TA,0.866025404,-0.866025404,0.866025404,-0.866025404
BGIOSGA028042-TA,0.866025404,-0.866025404,0.866025404,-0.866025404
BGIOSGA016971-TA,0.866025404,-0.866025404,0.866025404,-0.866025404
BGIOSGA020384-TA,0.866025404,-0.866025404,0.866025404,-0.866025404
BGIOSGA015821-TA,0.866025404,-0.866025404,0.866025404,-0.866025404
BGIOSGA024780-TA,0.866025404,-0.866025404,0.866025404,-0.866025404
BGIOSGA024011-TA,0.866025404,-0.866025404,0.866025404,-0.866025404
BGIOSGA020647-TA,0.866025404,-0.866025404,0.866025404,-0.866025404
BGIOSGA020512-TA,0.866025404,-0.866025404,0.866025404,-0.866025404
BGIOSGA033228-TA,0.866025404,-0.866025404,0.866025404,-0.866025404
BGIOSGA027830-TA,0.866025404,-0.866025404,0.866025404,-0.866025404
BGIOSGA017179-TA,0.866025404,-0.866025404,0.866025404,-0.866025404
BGIOSGA007848-TA,0.866025404,-0.866025404,0.866025404,-0.866025404
BGIOSGA002918-TA,0.866025404,-0.866025404,0.866025404,-0.866025404
BGIOSGA013033-TA,0.866025404,-0.866025404,0.866025404,-0.866025404
BGIOSGA004975-TA,0.866025404,-0.866025404,0.866025404,-0.866025404
BGIOSGA030196-TA,0.866025404,-0.866025404,0.866025404,-0.866025404
BGIOSGA012269-TA,0.866025404,-0.866025404,0.866025404,-0.866025404
BGIOSGA021665-TA,0.866025404,-0.866025404,0.866025404,-0.866025404
BGIOSGA028353-TA,0.866025404,-0.866025404,0.866025404,-0.866025404
BGIOSGA005074-TA,0.866025404,-0.866025404,0.866025404,-0.866025404
BGIOSGA016673-TA,0.866025404,-0.866025404,0.866025404,-0.866025404
BGIOSGA004165-TA,0.866025404,-0.866025404,0.866025404,-0.866025404
BGIOSGA009914-TA,0.866025404,-0.866025404,0.866025404,-0.866025404
BGIOSGA010723-TA,0.866025404,-0.866025404,0.866025404,-0.866025404
BGIOSGA022076-TA,0.866025404,-0.866025404,0.866025404,-0.866025404
BGIOSGA015605-TA,0.866025404,-0.866025404,0.866025404,-0.866025404
BGIOSGA000068-TA,0.866025404,-0.866025404,0.866025404,-0.866025404
BGIOSGA015478-TA,0.866025404,-0.866025404,0.866025404,-0.866025404
BGIOSGA003024-TA,0.866025404,-0.866025404,0.866025404,-0.866025404
BGIOSGA000314-TA,0.866025404,-0.866025404,0.866025404,-0.866025404
BGIOSGA027267-TA,0.866025404,-0.866025404,0.866025404,-0.866025404
BGIOSGA007532-TA,0.866025404,-0.866025404,0.866025404,-0.866025404
BGIOSGA027108-TA,0.866025404,-0.866025404,0.866025404,-0.866025404
BGIOSGA033437-TA,0.866025404,-0.866025404,0.866025404,-0.866025404
BGIOSGA001853-TA,0.866025404,-0.866025404,0.866025404,-0.866025404
BGIOSGA017999-TA,0.866025404,-0.866025404,0.866025404,-0.866025404
BGIOSGA035494-TA,0.866025404,-0.866025404,0.866025404,-0.866025404
BGIOSGA001933-TA,0.866025404,-0.866025404,0.866025404,-0.866025404
BGIOSGA020359-TA,0.866025404,-0.866025404,0.866025404,-0.866025404
BGIOSGA011146-TA,0.866025404,-0.866025404,0.866025404,-0.866025404
BGIOSGA029185-TA,0.866025404,-0.866025404,0.866025404,-0.866025404
BGIOSGA024434-TA,0.866025404,-0.866025404,0.866025404,-0.866025404
BGIOSGA013081-TA,0.866025404,-0.866025404,0.866025404,-0.866025404
BGIOSGA036540-TA,0.866025404,-0.866025404,0.866025404,-0.866025404
BGIOSGA011752-TA,0.866025404,-0.866025404,0.866025404,-0.866025404
BGIOSGA036607-TA,0.866025404,-0.866025404,0.866025404,-0.866025404
BGIOSGA014538-TA,0.866025404,-0.866025404,0.866025404,-0.866025404
BGIOSGA000583-TA,0.866025404,-0.866025404,0.866025404,-0.866025404
BGIOSGA034039-TA,0.866025404,-0.866025404,0.866025404,-0.866025404
BGIOSGA037817-TA,0.866025404,-0.866025404,0.866025404,-0.866025404
BGIOSGA036007-TA,0.866025404,-0.866025404,0.866025404,-0.866025404
BGIOSGA017434-TA,0.866025404,-0.866025404,0.866025404,-0.866025404
BGIOSGA017668-TA,0.866025404,-0.866025404,0.866025404,-0.866025404
BGIOSGA017186-TA,0.866025404,-0.866025404,0.866025404,-0.866025404
BGIOSGA002509-TA,0.866025404,-0.866025404,0.866025404,-0.866025404
BGIOSGA018098-TA,0.866025404,-0.866025404,0.866025404,-0.866025404
BGIOSGA009293-TA,0.866025404,-0.866025404,0.866025404,-0.866025404
BGIOSGA002922-TA,0.866025404,-0.866025404,0.866025404,-0.866025404
BGIOSGA023130-TA,0.866025404,-0.866025404,0.866025404,-0.866025404
BGIOSGA011970-TA,0.866025404,-0.866025404,0.866025404,-0.866025404
BGIOSGA002531-TA,0.866025404,-0.866025404,0.866025404,-0.866025404
BGIOSGA016497-TA,0.866025404,-0.866025404,0.866025404,-0.866025404
BGIOSGA016009-TA,0.866025404,-0.866025404,0.866025404,-0.866025404
BGIOSGA022511-TA,0.866025404,-0.866025404,0.866025404,-0.866025404
BGIOSGA027258-TA,0.866025404,-0.866025404,0.866025404,-0.866025404
BGIOSGA012107-TA,0.866025404,-0.866025404,0.866025404,-0.866025404
BGIOSGA018130-TA,0.866025404,-0.866025404,0.866025404,-0.866025404
BGIOSGA026107-TA,0.866025404,-0.866025404,0.866025404,-0.866025404
BGIOSGA034755-TA,0.866025404,-0.866025404,0.866025404,-0.866025404
BGIOSGA021330-TA,0.866025404,-0.866025404,0.866025404,-0.866025404
BGIOSGA013852-TA,0.866025404,-0.866025404,0.866025404,-0.866025404
BGIOSGA002964-TA,0.866025404,-0.866025404,0.866025404,-0.866025404
BGIOSGA018156-TA,0.866025404,-0.866025404,0.866025404,-0.866025404
BGIOSGA016923-TA,0.866025404,-0.866025404,0.866025404,-0.866025404
BGIOSGA026253-TA,0.866025404,-0.866025404,0.866025404,-0.866025404
BGIOSGA027947-TA,0.866025404,-0.866025404,0.866025404,-0.866025404
BGIOSGA011341-TA,0.866025404,-0.866025404,0.866025404,-0.866025404
BGIOSGA005424-TA,0.866025404,-0.866025404,0.866025404,-0.866025404
BGIOSGA026147-TA,0.866025404,-0.866025404,0.866025404,-0.866025404
BGIOSGA016582-TA,0.866025404,-0.866025404,0.866025404,-0.866025404
BGIOSGA020251-TA,0.866025404,-0.866025404,0.866025404,-0.866025404
BGIOSGA005875-TA,0.866025404,-0.866025404,0.866025404,-0.866025404
BGIOSGA037101-TA,0.866025404,-0.866025404,0.866025404,-0.866025404
BGIOSGA034001-TA,0.866025404,-0.866025404,0.866025404,-0.866025404
BGIOSGA005005-TA,0.866025404,-0.866025404,0.866025404,-0.866025404
BGIOSGA024119-TA,0.866025404,-0.866025404,0.866025404,-0.866025404
BGIOSGA036583-TA,0.866025404,-0.866025404,0.866025404,-0.866025404
BGIOSGA018533-TA,0.866025404,-0.866025404,0.866025404,-0.866025404
BGIOSGA018652-TA,0.866025404,-0.866025404,0.866025404,-0.866025404
BGIOSGA004487-TA,0.866025404,-0.866025404,0.866025404,-0.866025404
BGIOSGA006099-TA,0.866025404,-0.866025404,0.866025404,-0.866025404
BGIOSGA010307-TA,0.866025404,-0.866025404,0.866025404,-0.866025404
BGIOSGA029627-TA,0.866025404,-0.866025404,0.866025404,-0.866025404
BGIOSGA034464-TA,0.866025404,-0.866025404,0.866025404,-0.866025404
BGIOSGA011942-TA,0.866025404,-0.866025404,0.866025404,-0.866025404
BGIOSGA009050-TA,0.866025404,-0.866025404,0.866025404,-0.866025404
BGIOSGA000144-TA,0.866025404,-0.866025404,0.866025404,-0.866025404
BGIOSGA032378-TA,0.866025404,-0.866025404,0.866025404,-0.866025404
BGIOSGA008422-TA,0.866025404,-0.866025404,0.866025404,-0.866025404
BGIOSGA017382-TA,0.866025404,-0.866025404,0.866025404,-0.866025404
BGIOSGA007062-TA,0.866025404,-0.866025404,0.866025404,-0.866025404
BGIOSGA009700-TA,0.866025404,-0.866025404,0.866025404,-0.866025404
BGIOSGA018554-TA,0.866025404,-0.866025404,0.866025404,-0.866025404
BGIOSGA004745-TA,0.866025404,-0.866025404,0.866025404,-0.866025404
BGIOSGA008021-TA,0.866025404,-0.866025404,0.866025404,-0.866025404
BGIOSGA009859-TA,0.866025404,-0.866025404,0.866025404,-0.866025404
BGIOSGA008519-TA,0.866025404,-0.866025404,0.866025404,-0.866025404
BGIOSGA001698-TA,0.866025404,-0.866025404,0.866025404,-0.866025404
BGIOSGA021040-TA,0.866025404,-0.866025404,0.866025404,-0.866025404
BGIOSGA011718-TA,0.866025404,-0.866025404,0.866025404,-0.866025404
BGIOSGA031088-TA,0.866025404,-0.866025404,0.866025404,-0.866025404
BGIOSGA008959-TA,0.866025404,-0.866025404,0.866025404,-0.866025404
BGIOSGA026933-TA,0.866025404,-0.866025404,0.866025404,-0.866025404
BGIOSGA037382-TA,0.866025404,-0.866025404,0.866025404,-0.866025404
BGIOSGA003320-TA,0.866025404,-0.866025404,0.866025404,-0.866025404
BGIOSGA011222-TA,0.866025404,-0.866025404,0.866025404,-0.866025404
BGIOSGA008980-TA,-0.866025404,0.866025404,-0.866025404,0.866025404
BGIOSGA013268-TA,0.866025404,-0.866025404,0.866025404,-0.866025404
BGIOSGA032833-TA,0.866025404,-0.866025404,0.866025404,-0.866025404
BGIOSGA011252-TA,0.866025404,-0.866025404,0.866025404,-0.866025404
BGIOSGA008081-TA,0.866025404,-0.866025404,0.866025404,-0.866025404
BGIOSGA028954-TA,0.866025404,-0.866025404,0.866025404,-0.866025404
BGIOSGA003188-TA,0.866025404,-0.866025404,0.866025404,-0.866025404
BGIOSGA025549-TA,0.866025404,-0.866025404,0.866025404,-0.866025404
BGIOSGA032169-TA,0.866025404,-0.866025404,0.866025404,-0.866025404
BGIOSGA010715-TA,0.866025404,-0.866025404,0.866025404,-0.866025404
BGIOSGA002138-TA,0.866025404,-0.866025404,0.866025404,-0.866025404
BGIOSGA006706-TA,0.866025404,-0.866025404,0.866025404,-0.866025404
BGIOSGA007693-TA,0.866025404,-0.866025404,0.866025404,-0.866025404
BGIOSGA006834-TA,0.866025404,-0.866025404,0.866025404,-0.866025404
BGIOSGA012156-TA,0.866025404,-0.866025404,0.866025404,-0.866025404
BGIOSGA007888-TA,0.866025404,-0.866025404,0.866025404,-0.866025404
BGIOSGA023725-TA,0.866025404,-0.866025404,0.866025404,-0.866025404
BGIOSGA008572-TA,0.866025404,-0.866025404,0.866025404,-0.866025404
BGIOSGA014908-TA,0.866025404,-0.866025404,0.866025404,-0.866025404
BGIOSGA017646-TA,0.866025404,-0.866025404,0.866025404,-0.866025404
BGIOSGA012297-TA,0.866025404,-0.866025404,0.866025404,-0.866025404
BGIOSGA010832-TA,0.866025404,-0.866025404,0.866025404,-0.866025404
BGIOSGA035853-TA,0.866025404,-0.866025404,0.866025404,-0.866025404
BGIOSGA007900-TA,0.866025404,-0.866025404,0.866025404,-0.866025404
BGIOSGA015161-TA,0.866025404,-0.866025404,0.866025404,-0.866025404
BGIOSGA037352-TA,0.866025404,-0.866025404,0.866025404,-0.866025404
BGIOSGA026772-TA,0.866025404,-0.866025404,0.866025404,-0.866025404
BGIOSGA004304-TA,0.866025404,-0.866025404,0.866025404,-0.866025404
BGIOSGA031404-TA,0.866025404,-0.866025404,0.866025404,-0.866025404
BGIOSGA019250-TA,0.866025404,-0.866025404,0.866025404,-0.866025404
BGIOSGA029612-TA,0.866025404,-0.866025404,0.866025404,-0.866025404
BGIOSGA017804-TA,0.866025404,-0.866025404,0.866025404,-0.866025404
BGIOSGA010032-TA,0.866025404,-0.866025404,0.866025404,-0.866025404
BGIOSGA014258-TA,0.866025404,-0.866025404,0.866025404,-0.866025404
BGIOSGA010382-TA,0.866025404,-0.866025404,0.866025404,-0.866025404
BGIOSGA001444-TA,0.866025404,-0.866025404,0.866025404,-0.866025404
BGIOSGA018405-TA,0.866025404,-0.866025404,0.866025404,-0.866025404
BGIOSGA004129-TA,0.866025404,-0.866025404,0.866025404,-0.866025404
BGIOSGA030424-TA,0.866025404,-0.866025404,0.866025404,-0.866025404
BGIOSGA026511-TA,0.866025404,-0.866025404,0.866025404,-0.866025404
BGIOSGA032037-TA,0.866025404,-0.866025404,0.866025404,-0.866025404
BGIOSGA025949-TA,0.866025404,-0.866025404,0.866025404,-0.866025404
BGIOSGA013800-TA,0.866025404,-0.866025404,0.866025404,-0.866025404
BGIOSGA023675-TA,0.866025404,-0.866025404,0.866025404,-0.866025404
BGIOSGA017822-TA,0.866025404,-0.866025404,0.866025404,-0.866025404
BGIOSGA000702-TA,0.866025404,-0.866025404,0.866025404,-0.866025404
BGIOSGA014534-TA,0.866025404,-0.866025404,0.866025404,-0.866025404
BGIOSGA011297-TA,0.866025404,-0.866025404,0.866025404,-0.866025404
BGIOSGA010428-TA,0.866025404,-0.866025404,0.866025404,-0.866025404
BGIOSGA026446-TA,0.866025404,-0.866025404,0.866025404,-0.866025404
BGIOSGA012877-TA,0.866025404,-0.866025404,0.866025404,-0.866025404
BGIOSGA008836-TA,0.866025404,-0.866025404,0.866025404,-0.866025404
BGIOSGA012290-TA,0.866025404,-0.866025404,0.866025404,-0.866025404
BGIOSGA005787-TA,0,0,0,0
BGIOSGA013003-TA,0.866025404,-0.866025404,0.866025404,-0.866025404
BGIOSGA027897-TA,0.866025404,-0.866025404,0.866025404,-0.866025404
BGIOSGA005256-TA,0.866025404,-0.866025404,0.866025404,-0.866025404
BGIOSGA009580-TA,0.866025404,-0.866025404,0.866025404,-0.866025404
BGIOSGA023292-TA,0.866025404,-0.866025404,0.866025404,-0.866025404
BGIOSGA018636-TA,0.866025404,-0.866025404,0.866025404,-0.866025404
BGIOSGA009503-TA,0.866025404,-0.866025404,0.866025404,-0.866025404
BGIOSGA036749-TA,0.866025404,-0.866025404,0.866025404,-0.866025404
BGIOSGA020377-TA,0.866025404,-0.866025404,0.866025404,-0.866025404
BGIOSGA018376-TA,0.866025404,-0.866025404,0.866025404,-0.866025404
BGIOSGA006807-TA,0.866025404,-0.866025404,0.866025404,-0.866025404
BGIOSGA026615-TA,0.866025404,-0.866025404,0.866025404,-0.866025404
BGIOSGA016838-TA,0.866025404,-0.866025404,0.866025404,-0.866025404
BGIOSGA024120-TA,0.866025404,-0.866025404,0.866025404,-0.866025404
BGIOSGA029853-TA,0.866025404,-0.866025404,0.866025404,-0.866025404
BGIOSGA027759-TA,0.866025404,-0.866025404,0.866025404,-0.866025404
BGIOSGA012625-TA,0.866025404,-0.866025404,0.866025404,-0.866025404
BGIOSGA018123-TA,0.866025404,-0.866025404,0.866025404,-0.866025404
BGIOSGA000553-TA,0.866025404,-0.866025404,0.866025404,-0.866025404
BGIOSGA007308-TA,0.866025404,-0.866025404,0.866025404,-0.866025404
BGIOSGA031001-TA,0.866025404,-0.866025404,0.866025404,-0.866025404
BGIOSGA020039-TA,0.866025404,-0.866025404,0.866025404,-0.866025404
BGIOSGA036220-TA,0.866025404,-0.866025404,0.866025404,-0.866025404
BGIOSGA004694-TA,0.866025404,-0.866025404,0.866025404,-0.866025404
BGIOSGA006607-TA,0.866025404,-0.866025404,0.866025404,-0.866025404
BGIOSGA020893-TA,0.866025404,-0.866025404,0.866025404,-0.866025404
BGIOSGA036234-TA,0.866025404,-0.866025404,0.866025404,-0.866025404
BGIOSGA030618-TA,0.866025404,-0.866025404,0.866025404,-0.866025404
BGIOSGA033804-TA,0.866025404,-0.866025404,0.866025404,-0.866025404
BGIOSGA004263-TA,0.866025404,-0.866025404,0.866025404,-0.866025404
BGIOSGA032259-TA,0.866025404,-0.866025404,0.866025404,-0.866025404
BGIOSGA010096-TA,0.866025404,-0.866025404,0.866025404,-0.866025404
BGIOSGA026523-TA,0.866025404,-0.866025404,0.866025404,-0.866025404
BGIOSGA027917-TA,0.866025404,-0.866025404,0.866025404,-0.866025404
BGIOSGA022367-TA,0.866025404,-0.866025404,0.866025404,-0.866025404
BGIOSGA005853-TA,0.866025404,-0.866025404,0.866025404,-0.866025404
BGIOSGA021894-TA,0.866025404,-0.866025404,0.866025404,-0.866025404
BGIOSGA029768-TA,0.866025404,-0.866025404,0.866025404,-0.866025404
BGIOSGA028917-TA,0.866025404,-0.866025404,0.866025404,-0.866025404
BGIOSGA005085-TA,0.866025404,-0.866025404,0.866025404,-0.866025404
BGIOSGA021402-TA,0.866025404,-0.866025404,0.866025404,-0.866025404
BGIOSGA019700-TA,0.866025404,-0.866025404,0.866025404,-0.866025404
BGIOSGA022461-TA,0.866025404,-0.866025404,0.866025404,-0.866025404
BGIOSGA018959-TA,0.866025404,-0.866025404,0.866025404,-0.866025404
BGIOSGA002926-TA,0.866025404,-0.866025404,0.866025404,-0.866025404
BGIOSGA000513-TA,0.866025404,-0.866025404,0.866025404,-0.866025404
BGIOSGA008657-TA,0.866025404,-0.866025404,0.866025404,-0.866025404
BGIOSGA032060-TA,0.866025404,-0.866025404,0.866025404,-0.866025404
BGIOSGA028511-TA,0.866025404,-0.866025404,0.866025404,-0.866025404
BGIOSGA019055-TA,0.866025404,-0.866025404,0.866025404,-0.866025404
BGIOSGA004390-TA,0.866025404,-0.866025404,0.866025404,-0.866025404
BGIOSGA034859-TA,0.866025404,-0.866025404,0.866025404,-0.866025404
BGIOSGA019829-TA,0.866025404,-0.866025404,0.866025404,-0.866025404
BGIOSGA007235-TA,0.866025404,-0.866025404,0.866025404,-0.866025404
BGIOSGA003221-TA,0.866025404,-0.866025404,0.866025404,-0.866025404
BGIOSGA010303-TA,0.866025404,-0.866025404,0.866025404,-0.866025404
BGIOSGA026132-TA,0.866025404,-0.866025404,0.866025404,-0.866025404
BGIOSGA006435-TA,0.866025404,-0.866025404,0.866025404,-0.866025404
BGIOSGA005961-TA,0.866025404,-0.866025404,0.866025404,-0.866025404
BGIOSGA037065-TA,0.866025404,-0.866025404,0.866025404,-0.866025404
BGIOSGA003870-TA,0.866025404,-0.866025404,0.866025404,-0.866025404
BGIOSGA003756-TA,0.866025404,-0.866025404,0.866025404,-0.866025404
BGIOSGA000526-TA,0.866025404,-0.866025404,0.866025404,-0.866025404
BGIOSGA005386-TA,0.866025404,-0.866025404,0.866025404,-0.866025404
BGIOSGA030107-TA,0.866025404,-0.866025404,0.866025404,-0.866025404
BGIOSGA019302-TA,0.866025404,-0.866025404,0.866025404,-0.866025404
BGIOSGA007636-TA,0.866025404,-0.866025404,0.866025404,-0.866025404
BGIOSGA003964-TA,0.866025404,-0.866025404,0.866025404,-0.866025404
BGIOSGA004247-TA,0.866025404,-0.866025404,0.866025404,-0.866025404
BGIOSGA019306-TA,0.866025404,-0.866025404,0.866025404,-0.866025404
BGIOSGA010698-TA,0.866025404,-0.866025404,0.866025404,-0.866025404
BGIOSGA011707-TA,0.866025404,-0.866025404,0.866025404,-0.866025404
BGIOSGA011714-TA,0.866025404,-0.866025404,0.866025404,-0.866025404
BGIOSGA020950-TA,0.866025404,-0.866025404,0.866025404,-0.866025404
BGIOSGA009829-TA,0.866025404,-0.866025404,0.866025404,-0.866025404
BGIOSGA033107-TA,0.866025404,-0.866025404,0.866025404,-0.866025404
BGIOSGA008576-TA,0.866025404,-0.866025404,0.866025404,-0.866025404
BGIOSGA004139-TA,0.866025404,-0.866025404,0.866025404,-0.866025404
BGIOSGA005298-TA,0.866025404,-0.866025404,0.866025404,-0.866025404
BGIOSGA004740-TA,0.866025404,-0.866025404,0.866025404,-0.866025404
BGIOSGA009892-TA,0.866025404,-0.866025404,0.866025404,-0.866025404
BGIOSGA000124-TA,0.866025404,-0.866025404,0.866025404,-0.866025404
BGIOSGA009552-TA,0.866025404,-0.866025404,0.866025404,-0.866025404
BGIOSGA021199-TA,0.866025404,-0.866025404,0.866025404,-0.866025404
BGIOSGA002618-TA,0.866025404,-0.866025404,0.866025404,-0.866025404
BGIOSGA002653-TA,0.866025404,-0.866025404,0.866025404,-0.866025404
BGIOSGA028887-TA,0.866025404,-0.866025404,0.866025404,-0.866025404
BGIOSGA003608-TA,0.866025404,-0.866025404,0.866025404,-0.866025404
BGIOSGA035008-TA,0.866025404,-0.866025404,0.866025404,-0.866025404
BGIOSGA007119-TA,0.866025404,-0.866025404,0.866025404,-0.866025404
BGIOSGA017104-TA,0.866025404,-0.866025404,0.866025404,-0.866025404
BGIOSGA008380-TA,0.866025404,-0.866025404,0.866025404,-0.866025404
BGIOSGA020547-TA,0.866025404,-0.866025404,0.866025404,-0.866025404
BGIOSGA035998-TA,0.866025404,-0.866025404,0.866025404,-0.866025404
BGIOSGA005364-TA,0.866025404,-0.866025404,0.866025404,-0.866025404
BGIOSGA031736-TA,0.866025404,-0.866025404,0.866025404,-0.866025404
BGIOSGA036629-TA,0.866025404,-0.866025404,0.866025404,-0.866025404
BGIOSGA003738-TA,0.866025404,-0.866025404,0.866025404,-0.866025404
BGIOSGA000079-TA,0.866025404,-0.866025404,0.866025404,-0.866025404
BGIOSGA016668-TA,0.866025404,-0.866025404,0.866025404,-0.866025404
BGIOSGA004334-TA,0.866025404,-0.866025404,0.866025404,-0.866025404
BGIOSGA016344-TA,0.866025404,-0.866025404,0.866025404,-0.866025404
BGIOSGA018216-TA,0.866025404,-0.866025404,0.866025404,-0.866025404
BGIOSGA015063-TA,0.866025404,-0.866025404,0.866025404,-0.866025404
BGIOSGA009480-TA,0.866025404,-0.866025404,0.866025404,-0.866025404
BGIOSGA024083-TA,0.866025404,-0.866025404,0.866025404,-0.866025404
BGIOSGA025662-TA,0.866025404,-0.866025404,0.866025404,-0.866025404
BGIOSGA020832-TA,0.866025404,-0.866025404,0.866025404,-0.866025404
BGIOSGA012092-TA,0.866025404,-0.866025404,0.866025404,-0.866025404
BGIOSGA006282-TA,0.866025404,-0.866025404,0.866025404,-0.866025404
BGIOSGA006661-TA,0.866025404,-0.866025404,0.866025404,-0.866025404
BGIOSGA037462-TA,0.866025404,-0.866025404,0.866025404,-0.866025404
BGIOSGA016353-TA,0.866025404,-0.866025404,0.866025404,-0.866025404
BGIOSGA010288-TA,0.866025404,-0.866025404,0.866025404,-0.866025404
BGIOSGA020798-TA,0.866025404,-0.866025404,0.866025404,-0.866025404
BGIOSGA021984-TA,0.866025404,-0.866025404,0.866025404,-0.866025404
BGIOSGA021030-TA,0.866025404,-0.866025404,0.866025404,-0.866025404
BGIOSGA020901-TA,0.866025404,-0.866025404,0.866025404,-0.866025404
BGIOSGA019849-TA,0.866025404,-0.866025404,0.866025404,-0.866025404
BGIOSGA005322-TA,0.866025404,-0.866025404,0.866025404,-0.866025404
BGIOSGA001025-TA,0.866025404,-0.866025404,0.866025404,-0.866025404
BGIOSGA016185-TA,0.866025404,-0.866025404,0.866025404,-0.866025404
BGIOSGA001989-TA,0.866025404,-0.866025404,0.866025404,-0.866025404
BGIOSGA016708-TA,0.866025404,-0.866025404,0.866025404,-0.866025404
BGIOSGA018985-TA,0.866025404,-0.866025404,0.866025404,-0.866025404
BGIOSGA029363-TA,0.866025404,-0.866025404,0.866025404,-0.866025404
BGIOSGA026942-TA,0.866025404,-0.866025404,0.866025404,-0.866025404
BGIOSGA025868-TA,0.866025404,-0.866025404,0.866025404,-0.866025404
BGIOSGA009047-TA,0.866025404,-0.866025404,0.866025404,-0.866025404
BGIOSGA007292-TA,0.866025404,-0.866025404,0.866025404,-0.866025404
BGIOSGA022412-TA,0.866025404,-0.866025404,0.866025404,-0.866025404
BGIOSGA024936-TA,0.866025404,-0.866025404,0.866025404,-0.866025404
BGIOSGA019380-TA,0.866025404,-0.866025404,0.866025404,-0.866025404
BGIOSGA001085-TA,0.866025404,-0.866025404,0.866025404,-0.866025404
BGIOSGA022821-TA,0.866025404,-0.866025404,0.866025404,-0.866025404
BGIOSGA004734-TA,0.866025404,-0.866025404,0.866025404,-0.866025404
BGIOSGA029072-TA,0.866025404,-0.866025404,0.866025404,-0.866025404
BGIOSGA006951-TA,0.866025404,-0.866025404,0.866025404,-0.866025404
BGIOSGA007025-TA,0.866025404,-0.866025404,0.866025404,-0.866025404
BGIOSGA030655-TA,0.866025404,-0.866025404,0.866025404,-0.866025404
BGIOSGA031860-TA,0.866025404,-0.866025404,0.866025404,-0.866025404
BGIOSGA034957-TA,0.866025404,-0.866025404,0.866025404,-0.866025404
BGIOSGA022616-TA,0,0,0,0
BGIOSGA004602-TA,0.866025404,-0.866025404,0.866025404,-0.866025404
BGIOSGA030007-TA,0.866025404,-0.866025404,0.866025404,-0.866025404
BGIOSGA016677-TA,0.866025404,-0.866025404,0.866025404,-0.866025404
BGIOSGA011203-TA,0.866025404,-0.866025404,0.866025404,-0.866025404
BGIOSGA017394-TA,0.866025404,-0.866025404,0.866025404,-0.866025404
BGIOSGA022336-TA,0.866025404,-0.866025404,0.866025404,-0.866025404
BGIOSGA018930-TA,0.866025404,-0.866025404,0.866025404,-0.866025404
BGIOSGA023462-TA,0.866025404,-0.866025404,0.866025404,-0.866025404
BGIOSGA000548-TA,0.866025404,-0.866025404,0.866025404,-0.866025404
BGIOSGA015346-TA,0.866025404,-0.866025404,0.866025404,-0.866025404
BGIOSGA023574-TA,0.866025404,-0.866025404,0.866025404,-0.866025404
BGIOSGA002230-TA,0.866025404,-0.866025404,0.866025404,-0.866025404
BGIOSGA008791-TA,0.866025404,-0.866025404,0.866025404,-0.866025404
BGIOSGA029373-TA,0.866025404,-0.866025404,0.866025404,-0.866025404
BGIOSGA026109-TA,0.866025404,-0.866025404,0.866025404,-0.866025404
BGIOSGA030479-TA,0.866025404,-0.866025404,0.866025404,-0.866025404
BGIOSGA029411-TA,0.866025404,-0.866025404,0.866025404,-0.866025404
BGIOSGA011139-TA,0.866025404,-0.866025404,0.866025404,-0.866025404
BGIOSGA022614-TA,0.866025404,-0.866025404,0.866025404,-0.866025404
BGIOSGA021819-TA,0.866025404,-0.866025404,0.866025404,-0.866025404
BGIOSGA019321-TA,0.866025404,-0.866025404,0.866025404,-0.866025404
BGIOSGA000560-TA,0.866025404,-0.866025404,0.866025404,-0.866025404
BGIOSGA019364-TA,0.866025404,-0.866025404,0.866025404,-0.866025404
BGIOSGA009496-TA,0.866025404,-0.866025404,0.866025404,-0.866025404
BGIOSGA033167-TA,0.866025404,-0.866025404,0.866025404,-0.866025404
BGIOSGA006757-TA,0.866025404,-0.866025404,0.866025404,-0.866025404
BGIOSGA000765-TA,0.866025404,-0.866025404,0.866025404,-0.866025404
BGIOSGA015857-TA,0.866025404,-0.866025404,0.866025404,-0.866025404
BGIOSGA012965-TA,0.866025404,-0.866025404,0.866025404,-0.866025404
BGIOSGA020750-TA,0.866025404,-0.866025404,0.866025404,-0.866025404
BGIOSGA035736-TA,0.866025404,-0.866025404,0.866025404,-0.866025404
BGIOSGA009245-TA,0.866025404,-0.866025404,0.866025404,-0.866025404
BGIOSGA015078-TA,0.866025404,-0.866025404,0.866025404,-0.866025404
BGIOSGA001277-TA,0.866025404,-0.866025404,0.866025404,-0.866025404
BGIOSGA004552-TA,0.866025404,-0.866025404,0.866025404,-0.866025404
BGIOSGA005243-TA,0.866025404,-0.866025404,0.866025404,-0.866025404
BGIOSGA004799-TA,0.866025404,-0.866025404,0.866025404,-0.866025404
BGIOSGA036027-TA,0.866025404,-0.866025404,0.866025404,-0.866025404
BGIOSGA028779-TA,0.866025404,-0.866025404,0.866025404,-0.866025404
BGIOSGA006902-TA,0.866025404,-0.866025404,0.866025404,-0.866025404
BGIOSGA018101-TA,0.866025404,-0.866025404,0.866025404,-0.866025404
BGIOSGA014500-TA,0.866025404,-0.866025404,0.866025404,-0.866025404
BGIOSGA028866-TA,0.866025404,-0.866025404,0.866025404,-0.866025404
BGIOSGA034736-TA,0.866025404,-0.866025404,0.866025404,-0.866025404
BGIOSGA022163-TA,0.866025404,-0.866025404,0.866025404,-0.866025404
BGIOSGA019279-TA,0.866025404,-0.866025404,0.866025404,-0.866025404
BGIOSGA008531-TA,0.866025404,-0.866025404,0.866025404,-0.866025404
BGIOSGA014656-TA,0.866025404,-0.866025404,0.866025404,-0.866025404
BGIOSGA025334-TA,0.866025404,-0.866025404,0.866025404,-0.866025404
BGIOSGA011804-TA,0.866025404,-0.866025404,0.866025404,-0.866025404
BGIOSGA023362-TA,0.866025404,-0.866025404,0.866025404,-0.866025404
BGIOSGA007962-TA,0.866025404,-0.866025404,0.866025404,-0.866025404
BGIOSGA014715-TA,0.866025404,-0.866025404,0.866025404,-0.866025404
BGIOSGA015560-TA,0.866025404,-0.866025404,0.866025404,-0.866025404
BGIOSGA031473-TA,0.866025404,-0.866025404,0.866025404,-0.866025404
BGIOSGA036657-TA,0.866025404,-0.866025404,0.866025404,-0.866025404
BGIOSGA036674-TA,0.866025404,-0.866025404,0.866025404,-0.866025404
BGIOSGA026921-TA,0.866025404,-0.866025404,0.866025404,-0.866025404
BGIOSGA003588-TA,0.866025404,-0.866025404,0.866025404,-0.866025404
BGIOSGA002862-TA,0.866025404,-0.866025404,0.866025404,-0.866025404
BGIOSGA005765-TA,0.866025404,-0.866025404,0.866025404,-0.866025404
BGIOSGA009780-TA,0.866025404,-0.866025404,0.866025404,-0.866025404
BGIOSGA016828-TA,0.866025404,-0.866025404,0.866025404,-0.866025404
BGIOSGA001414-TA,0.866025404,-0.866025404,0.866025404,-0.866025404
BGIOSGA011241-TA,0.866025404,-0.866025404,0.866025404,-0.866025404
BGIOSGA023497-TA,0.866025404,-0.866025404,0.866025404,-0.866025404
BGIOSGA018190-TA,0.866025404,-0.866025404,0.866025404,-0.866025404
BGIOSGA011333-TA,0.866025404,-0.866025404,0.866025404,-0.866025404
BGIOSGA033288-TA,0.866025404,-0.866025404,0.866025404,-0.866025404
BGIOSGA032356-TA,0.866025404,-0.866025404,0.866025404,-0.866025404
BGIOSGA019065-TA,0.866025404,-0.866025404,0.866025404,-0.866025404
BGIOSGA005705-TA,0.866025404,-0.866025404,0.866025404,-0.866025404
BGIOSGA011745-TA,0.866025404,-0.866025404,0.866025404,-0.866025404
BGIOSGA032520-TA,0.866025404,-0.866025404,0.866025404,-0.866025404
BGIOSGA030342-TA,0.866025404,-0.866025404,0.866025404,-0.866025404
BGIOSGA026866-TA,0.866025404,-0.866025404,0.866025404,-0.866025404
BGIOSGA004036-TA,0.866025404,-0.866025404,0.866025404,-0.866025404
BGIOSGA011130-TA,0.866025404,-0.866025404,0.866025404,-0.866025404
BGIOSGA022317-TA,0.866025404,-0.866025404,0.866025404,-0.866025404
BGIOSGA016780-TA,0.866025404,-0.866025404,0.866025404,-0.866025404
BGIOSGA002237-TA,0.866025404,-0.866025404,0.866025404,-0.866025404
BGIOSGA015508-TA,0.866025404,-0.866025404,0.866025404,-0.866025404
BGIOSGA007257-TA,0.866025404,-0.866025404,0.866025404,-0.866025404
BGIOSGA005528-TA,0.866025404,-0.866025404,0.866025404,-0.866025404
BGIOSGA009453-TA,0.866025404,-0.866025404,0.866025404,-0.866025404
BGIOSGA028983-TA,0.866025404,-0.866025404,0.866025404,-0.866025404
BGIOSGA013998-TA,0.866025404,-0.866025404,0.866025404,-0.866025404
BGIOSGA023584-TA,0.866025404,-0.866025404,0.866025404,-0.866025404
BGIOSGA013389-TA,0.866025404,-0.866025404,0.866025404,-0.866025404
BGIOSGA029352-TA,0.866025404,-0.866025404,0.866025404,-0.866025404
BGIOSGA014234-TA,0.866025404,-0.866025404,0.866025404,-0.866025404
BGIOSGA007186-TA,0.866025404,-0.866025404,0.866025404,-0.866025404
BGIOSGA019212-TA,0.866025404,-0.866025404,0.866025404,-0.866025404
BGIOSGA013748-TA,0.866025404,-0.866025404,0.866025404,-0.866025404
BGIOSGA008827-TA,0.866025404,-0.866025404,0.866025404,-0.866025404
BGIOSGA008550-TA,0.866025404,-0.866025404,0.866025404,-0.866025404
BGIOSGA009909-TA,0.866025404,-0.866025404,0.866025404,-0.866025404
BGIOSGA018081-TA,0.866025404,-0.866025404,0.866025404,-0.866025404
BGIOSGA020867-TA,0.866025404,-0.866025404,0.866025404,-0.866025404
BGIOSGA030091-TA,0.866025404,-0.866025404,0.866025404,-0.866025404
BGIOSGA017455-TA,0.866025404,-0.866025404,0.866025404,-0.866025404
BGIOSGA000160-TA,0.866025404,-0.866025404,0.866025404,-0.866025404
BGIOSGA022725-TA,0.866025404,-0.866025404,0.866025404,-0.866025404
BGIOSGA032085-TA,0.866025404,-0.866025404,0.866025404,-0.866025404
BGIOSGA030493-TA,0.866025404,-0.866025404,0.866025404,-0.866025404
BGIOSGA012231-TA,0.866025404,-0.866025404,0.866025404,-0.866025404
BGIOSGA004043-TA,0.866025404,-0.866025404,0.866025404,-0.866025404
BGIOSGA000185-TA,0.866025404,-0.866025404,0.866025404,-0.866025404
BGIOSGA036008-TA,0.866025404,-0.866025404,0.866025404,-0.866025404
BGIOSGA009312-TA,0.866025404,-0.866025404,0.866025404,-0.866025404
BGIOSGA031729-TA,0.866025404,-0.866025404,0.866025404,-0.866025404
BGIOSGA017194-TA,0.866025404,-0.866025404,0.866025404,-0.866025404
BGIOSGA023623-TA,0.866025404,-0.866025404,0.866025404,-0.866025404
BGIOSGA013254-TA,0.866025404,-0.866025404,0.866025404,-0.866025404
BGIOSGA023590-TA,0.866025404,-0.866025404,0.866025404,-0.866025404
BGIOSGA002907-TA,0.866025404,-0.866025404,0.866025404,-0.866025404
BGIOSGA025766-TA,0.866025404,-0.866025404,0.866025404,-0.866025404
BGIOSGA007641-TA,0.866025404,-0.866025404,0.866025404,-0.866025404
BGIOSGA013420-TA,0.866025404,-0.866025404,0.866025404,-0.866025404
BGIOSGA027396-TA,0.866025404,-0.866025404,0.866025404,-0.866025404
BGIOSGA001044-TA,0.866025404,-0.866025404,0.866025404,-0.866025404
BGIOSGA002208-TA,0.866025404,-0.866025404,0.866025404,-0.866025404
BGIOSGA027932-TA,0.866025404,-0.866025404,0.866025404,-0.866025404
BGIOSGA008416-TA,0.866025404,-0.866025404,0.866025404,-0.866025404
BGIOSGA001327-TA,0.866025404,-0.866025404,0.866025404,-0.866025404
BGIOSGA036466-TA,0.866025404,-0.866025404,0.866025404,-0.866025404
BGIOSGA036689-TA,0.866025404,-0.866025404,0.866025404,-0.866025404
BGIOSGA004111-TA,0.866025404,-0.866025404,0.866025404,-0.866025404
BGIOSGA034382-TA,0.866025404,-0.866025404,0.866025404,-0.866025404
BGIOSGA004963-TA,0.866025404,-0.866025404,0.866025404,-0.866025404
BGIOSGA029181-TA,0.866025404,-0.866025404,0.866025404,-0.866025404
BGIOSGA025510-TA,0.866025404,-0.866025404,0.866025404,-0.866025404
BGIOSGA033687-TA,0.866025404,-0.866025404,0.866025404,-0.866025404
BGIOSGA015715-TA,0.866025404,-0.866025404,0.866025404,-0.866025404
BGIOSGA007804-TA,0.866025404,-0.866025404,0.866025404,-0.866025404
BGIOSGA014001-TA,0.866025404,-0.866025404,0.866025404,-0.866025404
BGIOSGA011552-TA,0.866025404,-0.866025404,0.866025404,-0.866025404
BGIOSGA009803-TA,0.866025404,-0.866025404,0.866025404,-0.866025404
BGIOSGA014265-TA,0.866025404,-0.866025404,0.866025404,-0.866025404
BGIOSGA017337-TA,0.866025404,-0.866025404,0.866025404,-0.866025404
BGIOSGA028809-TA,0.866025404,-0.866025404,0.866025404,-0.866025404
BGIOSGA002991-TA,0.866025404,-0.866025404,0.866025404,-0.866025404
BGIOSGA020335-TA,0.866025404,-0.866025404,0.866025404,-0.866025404
BGIOSGA002566-TA,0.866025404,-0.866025404,0.866025404,-0.866025404
BGIOSGA000886-TA,0.866025404,-0.866025404,0.866025404,-0.866025404
BGIOSGA025566-TA,0.866025404,-0.866025404,0.866025404,-0.866025404
BGIOSGA019034-TA,0.866025404,-0.866025404,0.866025404,-0.866025404
BGIOSGA021944-TA,0.866025404,-0.866025404,0.866025404,-0.866025404
BGIOSGA015366-TA,0.866025404,-0.866025404,0.866025404,-0.866025404
BGIOSGA022801-TA,0.866025404,-0.866025404,0.866025404,-0.866025404
BGIOSGA004981-TA,0.866025404,-0.866025404,0.866025404,-0.866025404
BGIOSGA001756-TA,0.866025404,-0.866025404,0.866025404,-0.866025404
BGIOSGA022902-TA,0.866025404,-0.866025404,0.866025404,-0.866025404
BGIOSGA005436-TA,0.866025404,-0.866025404,0.866025404,-0.866025404
BGIOSGA005925-TA,0.866025404,-0.866025404,0.866025404,-0.866025404
BGIOSGA000230-TA,0.866025404,-0.866025404,0.866025404,-0.866025404
BGIOSGA000597-TA,0.866025404,-0.866025404,0.866025404,-0.866025404
BGIOSGA011300-TA,0.866025404,-0.866025404,0.866025404,-0.866025404
BGIOSGA032901-TA,0.866025404,-0.866025404,0.866025404,-0.866025404
BGIOSGA029530-TA,0.866025404,-0.866025404,0.866025404,-0.866025404
BGIOSGA032079-TA,0.866025404,-0.866025404,0.866025404,-0.866025404
BGIOSGA014417-TA,0.866025404,-0.866025404,0.866025404,-0.866025404
BGIOSGA014048-TA,0.866025404,-0.866025404,0.866025404,-0.866025404
BGIOSGA027214-TA,0.866025404,-0.866025404,0.866025404,-0.866025404
BGIOSGA009612-TA,0.866025404,-0.866025404,0.866025404,-0.866025404
BGIOSGA001893-TA,0.866025404,-0.866025404,0.866025404,-0.866025404
BGIOSGA007377-TA,0.866025404,-0.866025404,0.866025404,-0.866025404
BGIOSGA032080-TA,0.866025404,-0.866025404,0.866025404,-0.866025404
BGIOSGA014709-TA,0.866025404,-0.866025404,0.866025404,-0.866025404
BGIOSGA016491-TA,0.866025404,-0.866025404,0.866025404,-0.866025404
BGIOSGA001474-TA,0.866025404,-0.866025404,0.866025404,-0.866025404
BGIOSGA019490-TA,0.866025404,-0.866025404,0.866025404,-0.866025404
BGIOSGA011374-TA,0.866025404,-0.866025404,0.866025404,-0.866025404
BGIOSGA020591-TA,0.866025404,-0.866025404,0.866025404,-0.866025404
BGIOSGA004017-TA,0.866025404,-0.866025404,0.866025404,-0.866025404
BGIOSGA030333-TA,0.866025404,-0.866025404,0.866025404,-0.866025404
BGIOSGA013832-TA,0.866025404,-0.866025404,0.866025404,-0.866025404
BGIOSGA025462-TA,0.866025404,-0.866025404,0.866025404,-0.866025404
BGIOSGA037243-TA,0.866025404,-0.866025404,0.866025404,-0.866025404
BGIOSGA013457-TA,0.866025404,-0.866025404,0.866025404,-0.866025404
BGIOSGA006114-TA,0.866025404,-0.866025404,0.866025404,-0.866025404
BGIOSGA013201-TA,0.866025404,-0.866025404,0.866025404,-0.866025404
BGIOSGA016165-TA,0.866025404,-0.866025404,0.866025404,-0.866025404
BGIOSGA018776-TA,0.866025404,-0.866025404,0.866025404,-0.866025404
BGIOSGA037656-TA,0.866025404,-0.866025404,0.866025404,-0.866025404
BGIOSGA001162-TA,0.866025404,-0.866025404,0.866025404,-0.866025404
BGIOSGA017578-TA,0.866025404,-0.866025404,0.866025404,-0.866025404
BGIOSGA015672-TA,0.866025404,-0.866025404,0.866025404,-0.866025404
BGIOSGA005023-TA,0.866025404,-0.866025404,0.866025404,-0.866025404
BGIOSGA014837-TA,0.866025404,-0.866025404,0.866025404,-0.866025404
BGIOSGA000871-TA,0.866025404,-0.866025404,0.866025404,-0.866025404
BGIOSGA010645-TA,0.866025404,-0.866025404,0.866025404,-0.866025404
BGIOSGA013289-TA,0.866025404,-0.866025404,0.866025404,-0.866025404
BGIOSGA003978-TA,0.866025404,-0.866025404,0.866025404,-0.866025404
BGIOSGA031619-TA,0.866025404,-0.866025404,0.866025404,-0.866025404
BGIOSGA005273-TA,0.866025404,-0.866025404,0.866025404,-0.866025404
BGIOSGA021700-TA,0.866025404,-0.866025404,0.866025404,-0.866025404
BGIOSGA023636-TA,0.866025404,-0.866025404,0.866025404,-0.866025404
BGIOSGA033040-TA,0.866025404,-0.866025404,0.866025404,-0.866025404
BGIOSGA021214-TA,0.866025404,-0.866025404,0.866025404,-0.866025404
BGIOSGA018395-TA,0.866025404,-0.866025404,0.866025404,-0.866025404
BGIOSGA029397-TA,0.866025404,-0.866025404,0.866025404,-0.866025404
BGIOSGA029290-TA,0.866025404,-0.866025404,0.866025404,-0.866025404
BGIOSGA000364-TA,0.866025404,-0.866025404,0.866025404,-0.866025404
BGIOSGA033407-TA,0.866025404,-0.866025404,0.866025404,-0.866025404
BGIOSGA000997-TA,0.866025404,-0.866025404,0.866025404,-0.866025404
BGIOSGA002365-TA,0.866025404,-0.866025404,0.866025404,-0.866025404
BGIOSGA007798-TA,0.866025404,-0.866025404,0.866025404,-0.866025404
BGIOSGA023273-TA,0.866025404,-0.866025404,0.866025404,-0.866025404
BGIOSGA016790-TA,0.866025404,-0.866025404,0.866025404,-0.866025404
BGIOSGA002221-TA,0.866025404,-0.866025404,0.866025404,-0.866025404
BGIOSGA008965-TA,0.866025404,-0.866025404,0.866025404,-0.866025404
BGIOSGA025955-TA,0.866025404,-0.866025404,0.866025404,-0.866025404
BGIOSGA019745-TA,0.866025404,-0.866025404,0.866025404,-0.866025404
BGIOSGA037689-TA,0.866025404,-0.866025404,0.866025404,-0.866025404
BGIOSGA024826-TA,0.866025404,-0.866025404,0.866025404,-0.866025404
BGIOSGA034455-TA,0.866025404,-0.866025404,0.866025404,-0.866025404
BGIOSGA004841-TA,0.866025404,-0.866025404,0.866025404,-0.866025404
BGIOSGA027380-TA,0.866025404,-0.866025404,0.866025404,-0.866025404
BGIOSGA031131-TA,0.866025404,-0.866025404,0.866025404,-0.866025404
BGIOSGA013591-TA,0.866025404,-0.866025404,0.866025404,-0.866025404
BGIOSGA013243-TA,0.866025404,-0.866025404,0.866025404,-0.866025404
BGIOSGA017604-TA,0.866025404,-0.866025404,0.866025404,-0.866025404
BGIOSGA013562-TA,0.866025404,-0.866025404,0.866025404,-0.866025404
BGIOSGA025301-TA,0.866025404,-0.866025404,0.866025404,-0.866025404
BGIOSGA017354-TA,0.866025404,-0.866025404,0.866025404,-0.866025404
BGIOSGA020766-TA,0.866025404,-0.866025404,0.866025404,-0.866025404
BGIOSGA019711-TA,0.866025404,-0.866025404,0.866025404,-0.866025404
BGIOSGA014556-TA,0.866025404,-0.866025404,0.866025404,-0.866025404
BGIOSGA011163-TA,0.866025404,-0.866025404,0.866025404,-0.866025404
BGIOSGA026466-TA,0.866025404,-0.866025404,0.866025404,-0.866025404
BGIOSGA035579-TA,0.866025404,-0.866025404,0.866025404,-0.866025404
BGIOSGA010366-TA,0.866025404,-0.866025404,0.866025404,-0.866025404
BGIOSGA021253-TA,0.866025404,-0.866025404,0.866025404,-0.866025404
BGIOSGA004605-TA,0.866025404,-0.866025404,0.866025404,-0.866025404
BGIOSGA007221-TA,0.866025404,-0.866025404,0.866025404,-0.866025404
BGIOSGA011647-TA,0.866025404,-0.866025404,0.866025404,-0.866025404
BGIOSGA006715-TA,0.866025404,-0.866025404,0.866025404,-0.866025404
BGIOSGA031112-TA,0.866025404,-0.866025404,0.866025404,-0.866025404
BGIOSGA016393-TA,0.866025404,-0.866025404,0.866025404,-0.866025404
BGIOSGA029401-TA,0.866025404,-0.866025404,0.866025404,-0.866025404
BGIOSGA028428-TA,0.866025404,-0.866025404,0.866025404,-0.866025404
BGIOSGA001144-TA,0.866025404,-0.866025404,0.866025404,-0.866025404
BGIOSGA032920-TA,0.866025404,-0.866025404,0.866025404,-0.866025404
BGIOSGA009626-TA,0.866025404,-0.866025404,0.866025404,-0.866025404
BGIOSGA033210-TA,0.866025404,-0.866025404,0.866025404,-0.866025404
BGIOSGA030674-TA,0.866025404,-0.866025404,0.866025404,-0.866025404
BGIOSGA012058-TA,0.866025404,-0.866025404,0.866025404,-0.866025404
BGIOSGA012402-TA,0.866025404,-0.866025404,0.866025404,-0.866025404
BGIOSGA013527-TA,0.866025404,-0.866025404,0.866025404,-0.866025404
BGIOSGA005147-TA,0.866025404,-0.866025404,0.866025404,-0.866025404
BGIOSGA029973-TA,0.866025404,-0.866025404,0.866025404,-0.866025404
BGIOSGA037256-TA,0.866025404,-0.866025404,0.866025404,-0.866025404
BGIOSGA007928-TA,0.866025404,-0.866025404,0.866025404,-0.866025404
BGIOSGA011882-TA,0.866025404,-0.866025404,0.866025404,-0.866025404
BGIOSGA029105-TA,0.866025404,-0.866025404,0.866025404,-0.866025404
BGIOSGA003157-TA,0.866025404,-0.866025404,0.866025404,-0.866025404
BGIOSGA022080-TA,0.866025404,-0.866025404,0.866025404,-0.866025404
BGIOSGA026325-TA,0.866025404,-0.866025404,0.866025404,-0.866025404
BGIOSGA001769-TA,0.866025404,-0.866025404,0.866025404,-0.866025404
BGIOSGA003869-TA,0.866025404,-0.866025404,0.866025404,-0.866025404
BGIOSGA001015-TA,0.866025404,-0.866025404,0.866025404,-0.866025404
BGIOSGA015169-TA,0.866025404,-0.866025404,0.866025404,-0.866025404
BGIOSGA026237-TA,0.866025404,-0.866025404,0.866025404,-0.866025404
BGIOSGA018591-TA,0.866025404,-0.866025404,0.866025404,-0.866025404
BGIOSGA020730-TA,0.866025404,-0.866025404,0.866025404,-0.866025404
BGIOSGA002081-TA,0.866025404,-0.866025404,0.866025404,-0.866025404
BGIOSGA020522-TA,0.866025404,-0.866025404,0.866025404,-0.866025404
BGIOSGA021136-TA,0.866025404,-0.866025404,0.866025404,-0.866025404
BGIOSGA009075-TA,0.866025404,-0.866025404,0.866025404,-0.866025404
BGIOSGA028735-TA,0.866025404,-0.866025404,0.866025404,-0.866025404
BGIOSGA025348-TA,0.866025404,-0.866025404,0.866025404,-0.866025404
BGIOSGA022791-TA,0.866025404,-0.866025404,0.866025404,-0.866025404
BGIOSGA012151-TA,0.866025404,-0.866025404,0.866025404,-0.866025404
BGIOSGA008862-TA,0.866025404,-0.866025404,0.866025404,-0.866025404
BGIOSGA037797-TA,0.866025404,-0.866025404,0.866025404,-0.866025404
BGIOSGA003380-TA,0.866025404,-0.866025404,0.866025404,-0.866025404
BGIOSGA011173-TA,0.866025404,-0.866025404,0.866025404,-0.866025404
BGIOSGA017615-TA,0.866025404,-0.866025404,0.866025404,-0.866025404
BGIOSGA012372-TA,0.866025404,-0.866025404,0.866025404,-0.866025404
BGIOSGA020192-TA,0.866025404,-0.866025404,0.866025404,-0.866025404
BGIOSGA007485-TA,0.866025404,-0.866025404,0.866025404,-0.866025404
BGIOSGA031301-TA,0.866025404,-0.866025404,0.866025404,-0.866025404
BGIOSGA036032-TA,0.866025404,-0.866025404,0.866025404,-0.866025404
BGIOSGA024205-TA,0.866025404,-0.866025404,0.866025404,-0.866025404
BGIOSGA022329-TA,0.866025404,-0.866025404,0.866025404,-0.866025404
BGIOSGA004482-TA,0.866025404,-0.866025404,0.866025404,-0.866025404
BGIOSGA029416-TA,0.866025404,-0.866025404,0.866025404,-0.866025404
BGIOSGA036640-TA,0.866025404,-0.866025404,0.866025404,-0.866025404
BGIOSGA025377-TA,0.866025404,-0.866025404,0.866025404,-0.866025404
BGIOSGA037600-TA,0.866025404,-0.866025404,0.866025404,-0.866025404
BGIOSGA001307-TA,0.866025404,-0.866025404,0.866025404,-0.866025404
BGIOSGA034177-TA,0.866025404,-0.866025404,0.866025404,-0.866025404
BGIOSGA001101-TA,0.866025404,-0.866025404,0.866025404,-0.866025404
BGIOSGA000333-TA,0.866025404,-0.866025404,0.866025404,-0.866025404
BGIOSGA025452-TA,0.866025404,-0.866025404,0.866025404,-0.866025404
BGIOSGA029525-TA,0.866025404,-0.866025404,0.866025404,-0.866025404
BGIOSGA004834-TA,0.866025404,-0.866025404,0.866025404,-0.866025404
