target_id,rose_1,rose_2,rose_3,rose_4
PRQ61056,-0.866025404,0.866025404,-0.866025404,0.866025404
PRQ61025,-0.866025404,0.866025404,-0.866025404,0.866025404
PRQ61016,-0.866025404,0.866025404,-0.866025404,0.866025404
PRQ60993,-0.866025404,0.866025404,-0.866025404,0.866025404
PRQ60979,-0.866025404,0.866025404,-0.866025404,0.866025404
PRQ60975,-0.866025404,0.866025404,-0.866025404,0.866025404
PRQ60977,-0.866025404,0.866025404,-0.866025404,0.866025404
PRQ60983,-0.866025404,0.866025404,-0.866025404,0.866025404
PRQ60958,-0.866025404,0.866025404,-0.866025404,0.866025404
PRQ60961,-0.866025404,0.866025404,-0.866025404,0.866025404
PRQ60949,-0.866025404,0.866025404,-0.866025404,0.866025404
PRQ60951,-0.866025404,0.866025404,-0.866025404,0.866025404
PRQ60909,-0.866025404,0.866025404,-0.866025404,0.866025404
PRQ60913,-0.866025404,0.866025404,-0.866025404,0.866025404
PRQ60918,-0.866025404,0.866025404,-0.866025404,0.866025404
PRQ60910,-0.866025404,0.866025404,-0.866025404,0.866025404
PRQ60893,-0.866025404,0.866025404,-0.866025404,0.866025404
PRQ60879,-0.866025404,0.866025404,-0.866025404,0.866025404
PRQ60877,-0.866025404,0.866025404,-0.866025404,0.866025404
PRQ60873,-0.866025404,0.866025404,-0.866025404,0.866025404
PRQ60872,-0.866025404,0.866025404,-0.866025404,0.866025404
PRQ60875,-0.866025404,0.866025404,-0.866025404,0.866025404
PRQ60863,-0.866025404,0.866025404,-0.866025404,0.866025404
PRQ60862,-0.866025404,0.866025404,-0.866025404,0.866025404
PRQ60859,-0.866025404,0.866025404,-0.866025404,0.866025404
PRQ60864,-0.866025404,0.866025404,-0.866025404,0.866025404
PRQ60866,-0.866025404,0.866025404,-0.866025404,0.866025404
PRQ60849,-0.866025404,0.866025404,-0.866025404,0.866025404
PRQ60841,-0.866025404,0.866025404,-0.866025404,0.866025404
PRQ60855,-0.866025404,0.866025404,-0.866025404,0.866025404
PRQ60847,-0.866025404,0.866025404,-0.866025404,0.866025404
PRQ60856,-0.866025404,0.866025404,-0.866025404,0.866025404
PRQ60836,-0.866025404,0.866025404,-0.866025404,0.866025404
PRQ60830,-0.866025404,0.866025404,-0.866025404,0.866025404
PRQ60820,-0.866025404,0.866025404,-0.866025404,0.866025404
PRQ60814,-0.866025404,0.866025404,-0.866025404,0.866025404
PRQ60792,-0.866025404,0.866025404,-0.866025404,0.866025404
PRQ60793,-0.866025404,0.866025404,-0.866025404,0.866025404
PRQ60796,-0.866025404,0.866025404,-0.866025404,0.866025404
PRQ60786,-0.866025404,0.866025404,-0.866025404,0.866025404
PRQ60771,-0.866025404,0.866025404,-0.866025404,0.866025404
PRQ60785,-0.866025404,0.866025404,-0.866025404,0.866025404
PRQ60784,0.866025404,-0.866025404,0.866025404,-0.866025404
PRQ57670,-0.866025404,0.866025404,-0.866025404,0.866025404
PRQ54444,-0.866025404,0.866025404,-0.866025404,0.866025404
PRQ60677,-0.866025404,0.866025404,-0.866025404,0.866025404
PRQ57007,-0.866025404,0.866025404,-0.866025404,0.866025404
PRQ56389,-0.866025404,0.866025404,-0.866025404,0.866025404
PRQ60664,-0.866025404,0.866025404,-0.866025404,0.866025404
PRQ59784,-0.866025404,0.866025404,-0.866025404,0.866025404
PRQ56983,-0.866025404,0.866025404,-0.866025404,0.866025404
PRQ57227,-0.866025404,0.866025404,-0.866025404,0.866025404
PRQ56249,-0.866025404,0.866025404,-0.866025404,0.866025404
PRQ59480,-0.866025404,0.866025404,-0.866025404,0.866025404
PRQ59502,-0.866025404,0.866025404,-0.866025404,0.866025404
PRQ57711,-0.866025404,0.866025404,-0.866025404,0.866025404
PRQ60026,-0.866025404,0.866025404,-0.866025404,0.866025404
PRQ59950,-0.866025404,0.866025404,-0.866025404,0.866025404
PRQ58521,-0.866025404,0.866025404,-0.866025404,0.866025404
PRQ56601,-0.866025404,0.866025404,-0.866025404,0.866025404
PRQ59402,-0.866025404,0.866025404,-0.866025404,0.866025404
PRQ57312,-0.866025404,0.866025404,-0.866025404,0.866025404
PRQ59581,-0.866025404,0.866025404,-0.866025404,0.866025404
PRQ57687,-0.866025404,0.866025404,-0.866025404,0.866025404
PRQ59448,-0.866025404,0.866025404,-0.866025404,0.866025404
PRQ60477,-0.866025404,0.866025404,-0.866025404,0.866025404
PRQ56017,-0.866025404,0.866025404,-0.866025404,0.866025404
PRQ56084,-0.866025404,0.866025404,-0.866025404,0.866025404
PRQ59716,-0.866025404,0.866025404,-0.866025404,0.866025404
PRQ58610,-0.866025404,0.866025404,-0.866025404,0.866025404
PRQ54533,-0.866025404,0.866025404,-0.866025404,0.866025404
PRQ59183,-0.866025404,0.866025404,-0.866025404,0.866025404
PRQ59727,-0.866025404,0.866025404,-0.866025404,0.866025404
PRQ60749,-0.866025404,0.866025404,-0.866025404,0.866025404
PRQ54832,-0.866025404,0.866025404,-0.866025404,0.866025404
PRQ58198,-0.866025404,0.866025404,-0.866025404,0.866025404
PRQ60705,-0.866025404,0.866025404,-0.866025404,0.866025404
PRQ60119,-0.866025404,0.866025404,-0.866025404,0.866025404
PRQ57949,-0.866025404,0.866025404,-0.866025404,0.866025404
PRQ56176,-0.866025404,0.866025404,-0.866025404,0.866025404
PRQ57590,-0.866025404,0.866025404,-0.866025404,0.866025404
PRQ55332,-0.866025404,0.866025404,-0.866025404,0.866025404
PRQ60115,-0.866025404,0.866025404,-0.866025404,0.866025404
PRQ59109,-0.866025404,0.866025404,-0.866025404,0.866025404
PRQ55125,-0.866025404,0.866025404,-0.866025404,0.866025404
PRQ56622,-0.866025404,0.866025404,-0.866025404,0.866025404
PRQ56230,-0.866025404,0.866025404,-0.866025404,0.866025404
PRQ57499,-0.866025404,0.866025404,-0.866025404,0.866025404
PRQ54729,-0.866025404,0.866025404,-0.866025404,0.866025404
PRQ58821,-0.866025404,0.866025404,-0.866025404,0.866025404
PRQ57365,-0.866025404,0.866025404,-0.866025404,0.866025404
PRQ60415,-0.866025404,0.866025404,-0.866025404,0.866025404
PRQ57413,-0.866025404,0.866025404,-0.866025404,0.866025404
PRQ59867,-0.866025404,0.866025404,-0.866025404,0.866025404
PRQ56386,-0.866025404,0.866025404,-0.866025404,0.866025404
PRQ55885,-0.866025404,0.866025404,-0.866025404,0.866025404
PRQ60323,-0.866025404,0.866025404,-0.866025404,0.866025404
PRQ54969,-0.866025404,0.866025404,-0.866025404,0.866025404
PRQ57473,-0.866025404,0.866025404,-0.866025404,0.866025404
PRQ57305,-0.866025404,0.866025404,-0.866025404,0.866025404
PRQ59558,-0.866025404,0.866025404,-0.866025404,0.866025404
PRQ56785,-0.866025404,0.866025404,-0.866025404,0.866025404
PRQ58670,-0.866025404,0.866025404,-0.866025404,0.866025404
PRQ59471,-0.866025404,0.866025404,-0.866025404,0.866025404
PRQ57316,-0.866025404,0.866025404,-0.866025404,0.866025404
PRQ55625,-0.866025404,0.866025404,-0.866025404,0.866025404
PRQ59222,-0.866025404,0.866025404,-0.866025404,0.866025404
PRQ60116,-0.866025404,0.866025404,-0.866025404,0.866025404
PRQ56453,-0.866025404,0.866025404,-0.866025404,0.866025404
PRQ55377,-0.866025404,0.866025404,-0.866025404,0.866025404
PRQ59797,-0.866025404,0.866025404,-0.866025404,0.866025404
PRQ59298,0.866025404,-0.866025404,0.866025404,-0.866025404
PRQ60736,-0.866025404,0.866025404,-0.866025404,0.866025404
PRQ58437,-0.866025404,0.866025404,-0.866025404,0.866025404
PRQ57775,-0.866025404,0.866025404,-0.866025404,0.866025404
PRQ58337,-0.866025404,0.866025404,-0.866025404,0.866025404
PRQ54765,-0.866025404,0.866025404,-0.866025404,0.866025404
PRQ59674,-0.866025404,0.866025404,-0.866025404,0.866025404
PRQ54747,-0.866025404,0.866025404,-0.866025404,0.866025404
PRQ54443,-0.866025404,0.866025404,-0.866025404,0.866025404
PRQ57756,-0.866025404,0.866025404,-0.866025404,0.866025404
PRQ56603,-0.866025404,0.866025404,-0.866025404,0.866025404
PRQ57354,-0.866025404,0.866025404,-0.866025404,0.866025404
PRQ57970,-0.866025404,0.866025404,-0.866025404,0.866025404
PRQ59016,-0.866025404,0.866025404,-0.866025404,0.866025404
PRQ57401,-0.866025404,0.866025404,-0.866025404,0.866025404
PRQ56920,-0.866025404,0.866025404,-0.866025404,0.866025404
PRQ56468,-0.866025404,0.866025404,-0.866025404,0.866025404
PRQ57110,-0.866025404,0.866025404,-0.866025404,0.866025404
PRQ57505,-0.866025404,0.866025404,-0.866025404,0.866025404
PRQ56763,-0.866025404,0.866025404,-0.866025404,0.866025404
PRQ58385,-0.866025404,0.866025404,-0.866025404,0.866025404
PRQ60304,-0.866025404,0.866025404,-0.866025404,0.866025404
PRQ60480,-0.866025404,0.866025404,-0.866025404,0.866025404
PRQ55174,-0.866025404,0.866025404,-0.866025404,0.866025404
PRQ55932,-0.866025404,0.866025404,-0.866025404,0.866025404
PRQ60069,-0.866025404,0.866025404,-0.866025404,0.866025404
PRQ54608,-0.866025404,0.866025404,-0.866025404,0.866025404
PRQ58085,-0.866025404,0.866025404,-0.866025404,0.866025404
PRQ58181,-0.866025404,0.866025404,-0.866025404,0.866025404
PRQ58774,-0.866025404,0.866025404,-0.866025404,0.866025404
PRQ60091,-0.866025404,0.866025404,-0.866025404,0.866025404
PRQ59998,-0.866025404,0.866025404,-0.866025404,0.866025404
PRQ60110,-0.866025404,0.866025404,-0.866025404,0.866025404
PRQ58759,-0.866025404,0.866025404,-0.866025404,0.866025404
PRQ59614,-0.866025404,0.866025404,-0.866025404,0.866025404
PRQ55363,-0.866025404,0.866025404,-0.866025404,0.866025404
PRQ58457,-0.866025404,0.866025404,-0.866025404,0.866025404
PRQ60708,-0.866025404,0.866025404,-0.866025404,0.866025404
PRQ54863,-0.866025404,0.866025404,-0.866025404,0.866025404
PRQ55709,-0.866025404,0.866025404,-0.866025404,0.866025404
PRQ59051,-0.866025404,0.866025404,-0.866025404,0.866025404
PRQ55890,-0.866025404,0.866025404,-0.866025404,0.866025404
PRQ54841,-0.866025404,0.866025404,-0.866025404,0.866025404
PRQ54426,-0.866025404,0.866025404,-0.866025404,0.866025404
PRQ55771,-0.866025404,0.866025404,-0.866025404,0.866025404
PRQ59094,-0.866025404,0.866025404,-0.866025404,0.866025404
PRQ60039,-0.866025404,0.866025404,-0.866025404,0.866025404
PRQ55621,-0.866025404,0.866025404,-0.866025404,0.866025404
PRQ58732,-0.866025404,0.866025404,-0.866025404,0.866025404
PRQ58710,-0.866025404,0.866025404,-0.866025404,0.866025404
PRQ56621,-0.866025404,0.866025404,-0.866025404,0.866025404
PRQ59486,-0.866025404,0.866025404,-0.866025404,0.866025404
PRQ60719,-0.866025404,0.866025404,-0.866025404,0.866025404
PRQ56771,-0.866025404,0.866025404,-0.866025404,0.866025404
PRQ58510,-0.866025404,0.866025404,-0.866025404,0.866025404
PRQ56598,-0.866025404,0.866025404,-0.866025404,0.866025404
PRQ57268,-0.866025404,0.866025404,-0.866025404,0.866025404
PRQ57845,-0.866025404,0.866025404,-0.866025404,0.866025404
PRQ59608,-0.866025404,0.866025404,-0.866025404,0.866025404
PRQ55385,-0.866025404,0.866025404,-0.866025404,0.866025404
PRQ58699,-0.866025404,0.866025404,-0.866025404,0.866025404
PRQ60407,-0.866025404,0.866025404,-0.866025404,0.866025404
PRQ56180,-0.866025404,0.866025404,-0.866025404,0.866025404
PRQ54995,-0.866025404,0.866025404,-0.866025404,0.866025404
PRQ60463,-0.866025404,0.866025404,-0.866025404,0.866025404
PRQ59465,-0.866025404,0.866025404,-0.866025404,0.866025404
PRQ60713,-0.866025404,0.866025404,-0.866025404,0.866025404
PRQ54897,-0.866025404,0.866025404,-0.866025404,0.866025404
PRQ56398,-0.866025404,0.866025404,-0.866025404,0.866025404
PRQ58723,-0.866025404,0.866025404,-0.866025404,0.866025404
PRQ60546,-0.866025404,0.866025404,-0.866025404,0.866025404
PRQ56499,-0.866025404,0.866025404,-0.866025404,0.866025404
PRQ58425,-0.866025404,0.866025404,-0.866025404,0.866025404
PRQ56153,-0.866025404,0.866025404,-0.866025404,0.866025404
PRQ56701,-0.866025404,0.866025404,-0.866025404,0.866025404
PRQ60417,-0.866025404,0.866025404,-0.866025404,0.866025404
PRQ57450,0.866025404,-0.866025404,0.866025404,-0.866025404
PRQ56069,-0.866025404,0.866025404,-0.866025404,0.866025404
PRQ59720,-0.866025404,0.866025404,-0.866025404,0.866025404
PRQ57558,-0.866025404,0.866025404,-0.866025404,0.866025404
PRQ60563,-0.866025404,0.866025404,-0.866025404,0.866025404
PRQ56773,-0.866025404,0.866025404,-0.866025404,0.866025404
PRQ58169,-0.866025404,0.866025404,-0.866025404,0.866025404
PRQ59048,-0.866025404,0.866025404,-0.866025404,0.866025404
PRQ58706,-0.866025404,0.866025404,-0.866025404,0.866025404
PRQ59456,-0.866025404,0.866025404,-0.866025404,0.866025404
PRQ58500,-0.866025404,0.866025404,-0.866025404,0.866025404
PRQ56329,0.866025404,-0.866025404,0.866025404,-0.866025404
PRQ58248,-0.866025404,0.866025404,-0.866025404,0.866025404
PRQ56353,-0.866025404,0.866025404,-0.866025404,0.866025404
PRQ60012,-0.866025404,0.866025404,-0.866025404,0.866025404
PRQ57056,-0.866025404,0.866025404,-0.866025404,0.866025404
PRQ55120,-0.866025404,0.866025404,-0.866025404,0.866025404
PRQ57434,-0.866025404,0.866025404,-0.866025404,0.866025404
PRQ60125,-0.866025404,0.866025404,-0.866025404,0.866025404
PRQ59503,-0.866025404,0.866025404,-0.866025404,0.866025404
PRQ55206,-0.866025404,0.866025404,-0.866025404,0.866025404
PRQ58517,-0.866025404,0.866025404,-0.866025404,0.866025404
PRQ57165,-0.866025404,0.866025404,-0.866025404,0.866025404
PRQ59237,-0.866025404,0.866025404,-0.866025404,0.866025404
PRQ58625,-0.866025404,0.866025404,-0.866025404,0.866025404
PRQ59685,-0.866025404,0.866025404,-0.866025404,0.866025404
PRQ58913,-0.866025404,0.866025404,-0.866025404,0.866025404
PRQ60186,-0.866025404,0.866025404,-0.866025404,0.866025404
PRQ57707,-0.866025404,0.866025404,-0.866025404,0.866025404
PRQ59443,-0.866025404,0.866025404,-0.866025404,0.866025404
PRQ54470,-0.866025404,0.866025404,-0.866025404,0.866025404
PRQ55711,-0.866025404,0.866025404,-0.866025404,0.866025404
PRQ60081,-0.866025404,0.866025404,-0.866025404,0.866025404
PRQ59601,-0.866025404,0.866025404,-0.866025404,0.866025404
PRQ59178,-0.866025404,0.866025404,-0.866025404,0.866025404
PRQ56513,-0.866025404,0.866025404,-0.866025404,0.866025404
PRQ58571,-0.866025404,0.866025404,-0.866025404,0.866025404
PRQ59566,-0.866025404,0.866025404,-0.866025404,0.866025404
PRQ58936,-0.866025404,0.866025404,-0.866025404,0.866025404
PRQ55973,-0.866025404,0.866025404,-0.866025404,0.866025404
PRQ55134,-0.866025404,0.866025404,-0.866025404,0.866025404
PRQ55864,-0.866025404,0.866025404,-0.866025404,0.866025404
PRQ56062,-0.866025404,0.866025404,-0.866025404,0.866025404
PRQ59216,-0.866025404,0.866025404,-0.866025404,0.866025404
PRQ59206,-0.866025404,0.866025404,-0.866025404,0.866025404
PRQ55549,-0.866025404,0.866025404,-0.866025404,0.866025404
PRQ56476,-0.866025404,0.866025404,-0.866025404,0.866025404
PRQ59668,-0.866025404,0.866025404,-0.866025404,0.866025404
PRQ54405,-0.866025404,0.866025404,-0.866025404,0.866025404
PRQ56365,-0.866025404,0.866025404,-0.866025404,0.866025404
PRQ54614,-0.866025404,0.866025404,-0.866025404,0.866025404
PRQ59038,-0.866025404,0.866025404,-0.866025404,0.866025404
PRQ59710,-0.866025404,0.866025404,-0.866025404,0.866025404
PRQ56433,-0.866025404,0.866025404,-0.866025404,0.866025404
PRQ59633,-0.866025404,0.866025404,-0.866025404,0.866025404
PRQ59637,-0.866025404,0.866025404,-0.866025404,0.866025404
PRQ56528,-0.866025404,0.866025404,-0.866025404,0.866025404
PRQ56080,-0.866025404,0.866025404,-0.866025404,0.866025404
PRQ55903,-0.866025404,0.866025404,-0.866025404,0.866025404
PRQ60301,-0.866025404,0.866025404,-0.866025404,0.866025404
PRQ57207,-0.866025404,0.866025404,-0.866025404,0.866025404
PRQ55275,-0.866025404,0.866025404,-0.866025404,0.866025404
PRQ59451,-0.866025404,0.866025404,-0.866025404,0.866025404
PRQ54401,-0.866025404,0.866025404,-0.866025404,0.866025404
PRQ60140,-0.866025404,0.866025404,-0.866025404,0.866025404
PRQ55671,-0.866025404,0.866025404,-0.866025404,0.866025404
PRQ59888,-0.866025404,0.866025404,-0.866025404,0.866025404
PRQ58306,-0.866025404,0.866025404,-0.866025404,0.866025404
PRQ56418,-0.866025404,0.866025404,-0.866025404,0.866025404
PRQ55200,-0.866025404,0.866025404,-0.866025404,0.866025404
PRQ59338,-0.866025404,0.866025404,-0.866025404,0.866025404
PRQ58798,-0.866025404,0.866025404,-0.866025404,0.866025404
PRQ54888,-0.866025404,0.866025404,-0.866025404,0.866025404
PRQ54951,-0.866025404,0.866025404,-0.866025404,0.866025404
PRQ56779,-0.866025404,0.866025404,-0.866025404,0.866025404
PRQ54859,-0.866025404,0.866025404,-0.866025404,0.866025404
PRQ55721,-0.866025404,0.866025404,-0.866025404,0.866025404
PRQ54582,-0.866025404,0.866025404,-0.866025404,0.866025404
PRQ59557,-0.866025404,0.866025404,-0.866025404,0.866025404
PRQ59812,-0.866025404,0.866025404,-0.866025404,0.866025404
PRQ56804,-0.866025404,0.866025404,-0.866025404,0.866025404
PRQ58483,-0.866025404,0.866025404,-0.866025404,0.866025404
PRQ59243,-0.866025404,0.866025404,-0.866025404,0.866025404
PRQ59689,-0.866025404,0.866025404,-0.866025404,0.866025404
PRQ56806,-0.866025404,0.866025404,-0.866025404,0.866025404
PRQ59472,-0.866025404,0.866025404,-0.866025404,0.866025404
PRQ60539,-0.866025404,0.866025404,-0.866025404,0.866025404
PRQ60064,-0.866025404,0.866025404,-0.866025404,0.866025404
PRQ57553,-0.866025404,0.866025404,-0.866025404,0.866025404
PRQ57245,-0.866025404,0.866025404,-0.866025404,0.866025404
PRQ57083,-0.866025404,0.866025404,-0.866025404,0.866025404
PRQ59866,-0.866025404,0.866025404,-0.866025404,0.866025404
PRQ60204,-0.866025404,0.866025404,-0.866025404,0.866025404
PRQ60138,-0.866025404,0.866025404,-0.866025404,0.866025404
PRQ59104,-0.866025404,0.866025404,-0.866025404,0.866025404
PRQ57269,-0.866025404,0.866025404,-0.866025404,0.866025404
PRQ58929,-0.866025404,0.866025404,-0.866025404,0.866025404
PRQ60745,-0.866025404,0.866025404,-0.866025404,0.866025404
PRQ60060,-0.866025404,0.866025404,-0.866025404,0.866025404
PRQ59988,-0.866025404,0.866025404,-0.866025404,0.866025404
PRQ59524,-0.866025404,0.866025404,-0.866025404,0.866025404
PRQ56658,-0.866025404,0.866025404,-0.866025404,0.866025404
PRQ58921,-0.866025404,0.866025404,-0.866025404,0.866025404
PRQ58931,-0.866025404,0.866025404,-0.866025404,0.866025404
PRQ59496,-0.866025404,0.866025404,-0.866025404,0.866025404
PRQ59267,-0.866025404,0.866025404,-0.866025404,0.866025404
PRQ60667,-0.866025404,0.866025404,-0.866025404,0.866025404
PRQ55376,-0.866025404,0.866025404,-0.866025404,0.866025404
PRQ58287,-0.866025404,0.866025404,-0.866025404,0.866025404
PRQ60529,-0.866025404,0.866025404,-0.866025404,0.866025404
PRQ59897,-0.866025404,0.866025404,-0.866025404,0.866025404
PRQ59873,-0.866025404,0.866025404,-0.866025404,0.866025404
PRQ60467,-0.866025404,0.866025404,-0.866025404,0.866025404
PRQ55938,-0.866025404,0.866025404,-0.866025404,0.866025404
PRQ54740,-0.866025404,0.866025404,-0.866025404,0.866025404
PRQ57566,-0.866025404,0.866025404,-0.866025404,0.866025404
PRQ56682,-0.866025404,0.866025404,-0.866025404,0.866025404
PRQ54411,-0.866025404,0.866025404,-0.866025404,0.866025404
PRQ60288,-0.866025404,0.866025404,-0.866025404,0.866025404
PRQ57378,-0.866025404,0.866025404,-0.866025404,0.866025404
PRQ60065,-0.866025404,0.866025404,-0.866025404,0.866025404
PRQ60524,-0.866025404,0.866025404,-0.866025404,0.866025404
PRQ55150,-0.866025404,0.866025404,-0.866025404,0.866025404
PRQ59526,-0.866025404,0.866025404,-0.866025404,0.866025404
PRQ60200,-0.866025404,0.866025404,-0.866025404,0.866025404
PRQ54996,-0.866025404,0.866025404,-0.866025404,0.866025404
PRQ59160,-0.866025404,0.866025404,-0.866025404,0.866025404
PRQ58802,-0.866025404,0.866025404,-0.866025404,0.866025404
PRQ56361,-0.866025404,0.866025404,-0.866025404,0.866025404
PRQ55979,-0.866025404,0.866025404,-0.866025404,0.866025404
PRQ60354,-0.866025404,0.866025404,-0.866025404,0.866025404
PRQ60744,-0.866025404,0.866025404,-0.866025404,0.866025404
PRQ59265,-0.866025404,0.866025404,-0.866025404,0.866025404
PRQ58789,-0.866025404,0.866025404,-0.866025404,0.866025404
PRQ58247,-0.866025404,0.866025404,-0.866025404,0.866025404
PRQ59285,-0.866025404,0.866025404,-0.866025404,0.866025404
PRQ56634,-0.866025404,0.866025404,-0.866025404,0.866025404
PRQ57104,-0.866025404,0.866025404,-0.866025404,0.866025404
PRQ59385,-0.866025404,0.866025404,-0.866025404,0.866025404
PRQ58741,-0.866025404,0.866025404,-0.866025404,0.866025404
PRQ55727,0,0,0,0
PRQ60718,-0.866025404,0.866025404,-0.866025404,0.866025404
PRQ55753,-0.866025404,0.866025404,-0.866025404,0.866025404
PRQ54931,-0.866025404,0.866025404,-0.866025404,0.866025404
PRQ57257,-0.866025404,0.866025404,-0.866025404,0.866025404
PRQ58017,-0.866025404,0.866025404,-0.866025404,0.866025404
PRQ59892,-0.866025404,0.866025404,-0.866025404,0.866025404
PRQ59077,-0.866025404,0.866025404,-0.866025404,0.866025404
PRQ56253,-0.866025404,0.866025404,-0.866025404,0.866025404
PRQ58153,-0.866025404,0.866025404,-0.866025404,0.866025404
PRQ57407,-0.866025404,0.866025404,-0.866025404,0.866025404
PRQ59901,-0.866025404,0.866025404,-0.866025404,0.866025404
PRQ59378,-0.866025404,0.866025404,-0.866025404,0.866025404
PRQ59380,-0.866025404,0.866025404,-0.866025404,0.866025404
PRQ55409,-0.866025404,0.866025404,-0.866025404,0.866025404
PRQ58701,-0.866025404,0.866025404,-0.866025404,0.866025404
PRQ56390,-0.866025404,0.866025404,-0.866025404,0.866025404
PRQ54854,-0.866025404,0.866025404,-0.866025404,0.866025404
PRQ58754,-0.866025404,0.866025404,-0.866025404,0.866025404
PRQ60491,-0.866025404,0.866025404,-0.866025404,0.866025404
PRQ55931,-0.866025404,0.866025404,-0.866025404,0.866025404
PRQ56493,0,0,0,0
PRQ56111,-0.866025404,0.866025404,-0.866025404,0.866025404
PRQ59616,-0.866025404,0.866025404,-0.866025404,0.866025404
PRQ58430,-0.866025404,0.866025404,-0.866025404,0.866025404
PRQ56197,-0.866025404,0.866025404,-0.866025404,0.866025404
PRQ60482,-0.866025404,0.866025404,-0.866025404,0.866025404
PRQ55293,-0.866025404,0.866025404,-0.866025404,0.866025404
PRQ59887,-0.866025404,0.866025404,-0.866025404,0.866025404
PRQ60504,-0.866025404,0.866025404,-0.866025404,0.866025404
PRQ60075,-0.866025404,0.866025404,-0.866025404,0.866025404
PRQ56745,-0.866025404,0.866025404,-0.866025404,0.866025404
PRQ56456,-0.866025404,0.866025404,-0.866025404,0.866025404
PRQ54528,-0.866025404,0.866025404,-0.866025404,0.866025404
PRQ59952,-0.866025404,0.866025404,-0.866025404,0.866025404
PRQ54940,-0.866025404,0.866025404,-0.866025404,0.866025404
PRQ59880,-0.866025404,0.866025404,-0.866025404,0.866025404
PRQ60564,-0.866025404,0.866025404,-0.866025404,0.866025404
PRQ60367,-0.866025404,0.866025404,-0.866025404,0.866025404
PRQ60133,-0.866025404,0.866025404,-0.866025404,0.866025404
PRQ60572,-0.866025404,0.866025404,-0.866025404,0.866025404
PRQ60128,-0.866025404,0.866025404,-0.866025404,0.866025404
PRQ59735,-0.866025404,0.866025404,-0.866025404,0.866025404
PRQ55366,-0.866025404,0.866025404,-0.866025404,0.866025404
PRQ57359,-0.866025404,0.866025404,-0.866025404,0.866025404
PRQ55379,-0.866025404,0.866025404,-0.866025404,0.866025404
PRQ60196,-0.866025404,0.866025404,-0.866025404,0.866025404
PRQ59514,-0.866025404,0.866025404,-0.866025404,0.866025404
PRQ60680,-0.866025404,0.866025404,-0.866025404,0.866025404
PRQ57907,-0.866025404,0.866025404,-0.866025404,0.866025404
PRQ60227,-0.866025404,0.866025404,-0.866025404,0.866025404
PRQ59635,0,0,0,0
PRQ60627,-0.866025404,0.866025404,-0.866025404,0.866025404
PRQ56372,-0.866025404,0.866025404,-0.866025404,0.866025404
PRQ55119,-0.866025404,0.866025404,-0.866025404,0.866025404
PRQ56470,-0.866025404,0.866025404,-0.866025404,0.866025404
PRQ58237,-0.866025404,0.866025404,-0.866025404,0.866025404
PRQ58176,-0.866025404,0.866025404,-0.866025404,0.866025404
PRQ59214,-0.866025404,0.866025404,-0.866025404,0.866025404
PRQ59830,-0.866025404,0.866025404,-0.866025404,0.866025404
PRQ59533,-0.866025404,0.866025404,-0.866025404,0.866025404
PRQ56747,-0.866025404,0.866025404,-0.866025404,0.866025404
PRQ59889,-0.866025404,0.866025404,-0.866025404,0.866025404
PRQ59589,-0.866025404,0.866025404,-0.866025404,0.866025404
PRQ56053,-0.866025404,0.866025404,-0.866025404,0.866025404
PRQ54535,-0.866025404,0.866025404,-0.866025404,0.866025404
PRQ60028,-0.866025404,0.866025404,-0.866025404,0.866025404
PRQ60032,-0.866025404,0.866025404,-0.866025404,0.866025404
PRQ56081,-0.866025404,0.866025404,-0.866025404,0.866025404
PRQ59169,-0.866025404,0.866025404,-0.866025404,0.866025404
PRQ55767,-0.866025404,0.866025404,-0.866025404,0.866025404
PRQ55811,-0.866025404,0.866025404,-0.866025404,0.866025404
PRQ58126,-0.866025404,0.866025404,-0.866025404,0.866025404
PRQ58572,-0.866025404,0.866025404,-0.866025404,0.866025404
PRQ59768,-0.866025404,0.866025404,-0.866025404,0.866025404
PRQ55527,-0.866025404,0.866025404,-0.866025404,0.866025404
PRQ56063,-0.866025404,0.866025404,-0.866025404,0.866025404
PRQ59047,-0.866025404,0.866025404,-0.866025404,0.866025404
PRQ59882,-0.866025404,0.866025404,-0.866025404,0.866025404
PRQ55976,-0.866025404,0.866025404,-0.866025404,0.866025404
PRQ58541,-0.866025404,0.866025404,-0.866025404,0.866025404
PRQ57645,-0.866025404,0.866025404,-0.866025404,0.866025404
PRQ59422,-0.866025404,0.866025404,-0.866025404,0.866025404
PRQ58291,-0.866025404,0.866025404,-0.866025404,0.866025404
PRQ56148,-0.866025404,0.866025404,-0.866025404,0.866025404
PRQ58854,-0.866025404,0.866025404,-0.866025404,0.866025404
PRQ58284,-0.866025404,0.866025404,-0.866025404,0.866025404
PRQ59623,-0.866025404,0.866025404,-0.866025404,0.866025404
PRQ58766,-0.866025404,0.866025404,-0.866025404,0.866025404
PRQ59504,-0.866025404,0.866025404,-0.866025404,0.866025404
PRQ60055,-0.866025404,0.866025404,-0.866025404,0.866025404
PRQ58441,-0.866025404,0.866025404,-0.866025404,0.866025404
PRQ60338,-0.866025404,0.866025404,-0.866025404,0.866025404
PRQ59035,-0.866025404,0.866025404,-0.866025404,0.866025404
PRQ58995,-0.866025404,0.866025404,-0.866025404,0.866025404
PRQ57398,-0.866025404,0.866025404,-0.866025404,0.866025404
PRQ57965,-0.866025404,0.866025404,-0.866025404,0.866025404
PRQ56799,-0.866025404,0.866025404,-0.866025404,0.866025404
PRQ60634,-0.866025404,0.866025404,-0.866025404,0.866025404
PRQ60584,-0.866025404,0.866025404,-0.866025404,0.866025404
PRQ59603,-0.866025404,0.866025404,-0.866025404,0.866025404
PRQ60092,-0.866025404,0.866025404,-0.866025404,0.866025404
PRQ58783,-0.866025404,0.866025404,-0.866025404,0.866025404
PRQ60225,-0.866025404,0.866025404,-0.866025404,0.866025404
PRQ58649,-0.866025404,0.866025404,-0.866025404,0.866025404
PRQ58668,-0.866025404,0.866025404,-0.866025404,0.866025404
PRQ57752,-0.866025404,0.866025404,-0.866025404,0.866025404
PRQ58288,-0.866025404,0.866025404,-0.866025404,0.866025404
PRQ59959,-0.866025404,0.866025404,-0.866025404,0.866025404
PRQ59101,-0.866025404,0.866025404,-0.866025404,0.866025404
PRQ56554,-0.866025404,0.866025404,-0.866025404,0.866025404
PRQ60018,-0.866025404,0.866025404,-0.866025404,0.866025404
PRQ56289,-0.866025404,0.866025404,-0.866025404,0.866025404
PRQ59421,-0.866025404,0.866025404,-0.866025404,0.866025404
PRQ58400,-0.866025404,0.866025404,-0.866025404,0.866025404
PRQ60112,-0.866025404,0.866025404,-0.866025404,0.866025404
PRQ60616,-0.866025404,0.866025404,-0.866025404,0.866025404
PRQ56296,-0.866025404,0.866025404,-0.866025404,0.866025404
PRQ56346,-0.866025404,0.866025404,-0.866025404,0.866025404
PRQ59756,-0.866025404,0.866025404,-0.866025404,0.866025404
PRQ59316,-0.866025404,0.866025404,-0.866025404,0.866025404
PRQ58762,-0.866025404,0.866025404,-0.866025404,0.866025404
PRQ56637,-0.866025404,0.866025404,-0.866025404,0.866025404
PRQ60358,-0.866025404,0.866025404,-0.866025404,0.866025404
PRQ55135,-0.866025404,0.866025404,-0.866025404,0.866025404
PRQ56005,-0.866025404,0.866025404,-0.866025404,0.866025404
PRQ54919,-0.866025404,0.866025404,-0.866025404,0.866025404
PRQ55161,-0.866025404,0.866025404,-0.866025404,0.866025404
PRQ58600,-0.866025404,0.866025404,-0.866025404,0.866025404
PRQ58778,-0.866025404,0.866025404,-0.866025404,0.866025404
PRQ56826,-0.866025404,0.866025404,-0.866025404,0.866025404
PRQ60537,-0.866025404,0.866025404,-0.866025404,0.866025404
PRQ55604,-0.866025404,0.866025404,-0.866025404,0.866025404
PRQ59331,-0.866025404,0.866025404,-0.866025404,0.866025404
PRQ57839,-0.866025404,0.866025404,-0.866025404,0.866025404
PRQ56395,-0.866025404,0.866025404,-0.866025404,0.866025404
PRQ56452,-0.866025404,0.866025404,-0.866025404,0.866025404
PRQ60259,-0.866025404,0.866025404,-0.866025404,0.866025404
PRQ57500,-0.866025404,0.866025404,-0.866025404,0.866025404
PRQ56128,-0.866025404,0.866025404,-0.866025404,0.866025404
PRQ58827,-0.866025404,0.866025404,-0.866025404,0.866025404
PRQ58341,-0.866025404,0.866025404,-0.866025404,0.866025404
PRQ60673,-0.866025404,0.866025404,-0.866025404,0.866025404
PRQ57093,-0.866025404,0.866025404,-0.866025404,0.866025404
PRQ55180,-0.866025404,0.866025404,-0.866025404,0.866025404
PRQ58978,-0.866025404,0.866025404,-0.866025404,0.866025404
PRQ60079,-0.866025404,0.866025404,-0.866025404,0.866025404
PRQ56467,-0.866025404,0.866025404,-0.866025404,0.866025404
PRQ57916,-0.866025404,0.866025404,-0.866025404,0.866025404
PRQ54861,-0.866025404,0.866025404,-0.866025404,0.866025404
PRQ59553,0.866025404,-0.866025404,0.866025404,-0.866025404
PRQ55746,-0.866025404,0.866025404,-0.866025404,0.866025404
PRQ58403,-0.866025404,0.866025404,-0.866025404,0.866025404
PRQ56809,-0.866025404,0.866025404,-0.866025404,0.866025404
PRQ59763,-0.866025404,0.866025404,-0.866025404,0.866025404
PRQ55916,-0.866025404,0.866025404,-0.866025404,0.866025404
PRQ58911,-0.866025404,0.866025404,-0.866025404,0.866025404
PRQ56746,-0.866025404,0.866025404,-0.866025404,0.866025404
PRQ54984,-0.866025404,0.866025404,-0.866025404,0.866025404
PRQ58838,-0.866025404,0.866025404,-0.866025404,0.866025404
PRQ60622,-0.866025404,0.866025404,-0.866025404,0.866025404
PRQ55617,-0.866025404,0.866025404,-0.866025404,0.866025404
PRQ60522,-0.866025404,0.866025404,-0.866025404,0.866025404
PRQ54879,-0.866025404,0.866025404,-0.866025404,0.866025404
PRQ57565,-0.866025404,0.866025404,-0.866025404,0.866025404
PRQ59189,-0.866025404,0.866025404,-0.866025404,0.866025404
PRQ58107,-0.866025404,0.866025404,-0.866025404,0.866025404
PRQ58032,-0.866025404,0.866025404,-0.866025404,0.866025404
PRQ56685,-0.866025404,0.866025404,-0.866025404,0.866025404
PRQ59100,-0.866025404,0.866025404,-0.866025404,0.866025404
PRQ57059,-0.866025404,0.866025404,-0.866025404,0.866025404
PRQ60551,-0.866025404,0.866025404,-0.866025404,0.866025404
PRQ57749,-0.866025404,0.866025404,-0.866025404,0.866025404
PRQ58435,-0.866025404,0.866025404,-0.866025404,0.866025404
PRQ57767,-0.866025404,0.866025404,-0.866025404,0.866025404
PRQ55563,-0.866025404,0.866025404,-0.866025404,0.866025404
PRQ56480,-0.866025404,0.866025404,-0.866025404,0.866025404
PRQ58605,-0.866025404,0.866025404,-0.866025404,0.866025404
PRQ54483,-0.866025404,0.866025404,-0.866025404,0.866025404
PRQ58932,-0.866025404,0.866025404,-0.866025404,0.866025404
PRQ58554,-0.866025404,0.866025404,-0.866025404,0.866025404
PRQ60741,-0.866025404,0.866025404,-0.866025404,0.866025404
PRQ60534,-0.866025404,0.866025404,-0.866025404,0.866025404
PRQ55473,-0.866025404,0.866025404,-0.866025404,0.866025404
PRQ59141,-0.866025404,0.866025404,-0.866025404,0.866025404
PRQ60699,-0.866025404,0.866025404,-0.866025404,0.866025404
PRQ59804,-0.866025404,0.866025404,-0.866025404,0.866025404
PRQ54873,-0.866025404,0.866025404,-0.866025404,0.866025404
PRQ56099,-0.866025404,0.866025404,-0.866025404,0.866025404
PRQ59817,-0.866025404,0.866025404,-0.866025404,0.866025404
PRQ59947,-0.866025404,0.866025404,-0.866025404,0.866025404
PRQ58757,-0.866025404,0.866025404,-0.866025404,0.866025404
PRQ58549,-0.866025404,0.866025404,-0.866025404,0.866025404
PRQ57017,0.866025404,-0.866025404,0.866025404,-0.866025404
PRQ59506,-0.866025404,0.866025404,-0.866025404,0.866025404
PRQ59544,-0.866025404,0.866025404,-0.866025404,0.866025404
PRQ58037,-0.866025404,0.866025404,-0.866025404,0.866025404
PRQ54639,-0.866025404,0.866025404,-0.866025404,0.866025404
PRQ56331,-0.866025404,0.866025404,-0.866025404,0.866025404
PRQ60202,-0.866025404,0.866025404,-0.866025404,0.866025404
PRQ56154,-0.866025404,0.866025404,-0.866025404,0.866025404
PRQ59679,-0.866025404,0.866025404,-0.866025404,0.866025404
PRQ60343,-0.866025404,0.866025404,-0.866025404,0.866025404
PRQ60492,-0.866025404,0.866025404,-0.866025404,0.866025404
PRQ59505,-0.866025404,0.866025404,-0.866025404,0.866025404
PRQ58064,-0.866025404,0.866025404,-0.866025404,0.866025404
PRQ60181,-0.866025404,0.866025404,-0.866025404,0.866025404
PRQ57755,-0.866025404,0.866025404,-0.866025404,0.866025404
PRQ57089,-0.866025404,0.866025404,-0.866025404,0.866025404
PRQ54782,-0.866025404,0.866025404,-0.866025404,0.866025404
PRQ57864,-0.866025404,0.866025404,-0.866025404,0.866025404
PRQ58816,-0.866025404,0.866025404,-0.866025404,0.866025404
PRQ59268,-0.866025404,0.866025404,-0.866025404,0.866025404
PRQ60336,-0.866025404,0.866025404,-0.866025404,0.866025404
PRQ56092,-0.866025404,0.866025404,-0.866025404,0.866025404
PRQ59207,-0.866025404,0.866025404,-0.866025404,0.866025404
PRQ57403,-0.866025404,0.866025404,-0.866025404,0.866025404
PRQ56179,-0.866025404,0.866025404,-0.866025404,0.866025404
PRQ58672,-0.866025404,0.866025404,-0.866025404,0.866025404
PRQ55030,-0.866025404,0.866025404,-0.866025404,0.866025404
PRQ58542,-0.866025404,0.866025404,-0.866025404,0.866025404
PRQ56975,-0.866025404,0.866025404,-0.866025404,0.866025404
PRQ58132,-0.866025404,0.866025404,-0.866025404,0.866025404
PRQ54579,-0.866025404,0.866025404,-0.866025404,0.866025404
PRQ57640,-0.866025404,0.866025404,-0.866025404,0.866025404
PRQ60418,-0.866025404,0.866025404,-0.866025404,0.866025404
PRQ56461,-0.866025404,0.866025404,-0.866025404,0.866025404
PRQ60328,-0.866025404,0.866025404,-0.866025404,0.866025404
PRQ58988,-0.866025404,0.866025404,-0.866025404,0.866025404
PRQ59453,-0.866025404,0.866025404,-0.866025404,0.866025404
PRQ57043,-0.866025404,0.866025404,-0.866025404,0.866025404
PRQ60339,-0.866025404,0.866025404,-0.866025404,0.866025404
PRQ58036,-0.866025404,0.866025404,-0.866025404,0.866025404
PRQ56288,-0.866025404,0.866025404,-0.866025404,0.866025404
PRQ60682,-0.866025404,0.866025404,-0.866025404,0.866025404
PRQ55254,-0.866025404,0.866025404,-0.866025404,0.866025404
PRQ56775,-0.866025404,0.866025404,-0.866025404,0.866025404
PRQ55380,-0.866025404,0.866025404,-0.866025404,0.866025404
PRQ60313,-0.866025404,0.866025404,-0.866025404,0.866025404
PRQ57803,-0.866025404,0.866025404,-0.866025404,0.866025404
PRQ59783,-0.866025404,0.866025404,-0.866025404,0.866025404
PRQ59965,-0.866025404,0.866025404,-0.866025404,0.866025404
PRQ58601,-0.866025404,0.866025404,-0.866025404,0.866025404
PRQ58074,-0.866025404,0.866025404,-0.866025404,0.866025404
PRQ57516,-0.866025404,0.866025404,-0.866025404,0.866025404
PRQ59477,-0.866025404,0.866025404,-0.866025404,0.866025404
PRQ59240,-0.866025404,0.866025404,-0.866025404,0.866025404
PRQ54537,-0.866025404,0.866025404,-0.866025404,0.866025404
PRQ60471,-0.866025404,0.866025404,-0.866025404,0.866025404
PRQ55317,-0.866025404,0.866025404,-0.866025404,0.866025404
PRQ55158,-0.866025404,0.866025404,-0.866025404,0.866025404
PRQ58713,-0.866025404,0.866025404,-0.866025404,0.866025404
PRQ56030,-0.866025404,0.866025404,-0.866025404,0.866025404
PRQ54671,-0.866025404,0.866025404,-0.866025404,0.866025404
PRQ59562,-0.866025404,0.866025404,-0.866025404,0.866025404
PRQ55936,-0.866025404,0.866025404,-0.866025404,0.866025404
PRQ60596,-0.866025404,0.866025404,-0.866025404,0.866025404
PRQ55314,-0.866025404,0.866025404,-0.866025404,0.866025404
PRQ56363,-0.866025404,0.866025404,-0.866025404,0.866025404
PRQ55434,-0.866025404,0.866025404,-0.866025404,0.866025404
PRQ58801,-0.866025404,0.866025404,-0.866025404,0.866025404
PRQ55216,-0.866025404,0.866025404,-0.866025404,0.866025404
PRQ59328,-0.866025404,0.866025404,-0.866025404,0.866025404
PRQ57722,-0.866025404,0.866025404,-0.866025404,0.866025404
PRQ59591,-0.866025404,0.866025404,-0.866025404,0.866025404
PRQ60502,-0.866025404,0.866025404,-0.866025404,0.866025404
PRQ59545,-0.866025404,0.866025404,-0.866025404,0.866025404
PRQ58516,-0.866025404,0.866025404,-0.866025404,0.866025404
PRQ54982,-0.866025404,0.866025404,-0.866025404,0.866025404
PRQ60349,-0.866025404,0.866025404,-0.866025404,0.866025404
PRQ56037,-0.866025404,0.866025404,-0.866025404,0.866025404
PRQ57868,-0.866025404,0.866025404,-0.866025404,0.866025404
PRQ55500,-0.866025404,0.866025404,-0.866025404,0.866025404
PRQ59445,-0.866025404,0.866025404,-0.866025404,0.866025404
PRQ58877,-0.866025404,0.866025404,-0.866025404,0.866025404
PRQ57780,-0.866025404,0.866025404,-0.866025404,0.866025404
PRQ57335,-0.866025404,0.866025404,-0.866025404,0.866025404
PRQ59347,-0.866025404,0.866025404,-0.866025404,0.866025404
PRQ57753,-0.866025404,0.866025404,-0.866025404,0.866025404
PRQ59412,-0.866025404,0.866025404,-0.866025404,0.866025404
PRQ59907,-0.866025404,0.866025404,-0.866025404,0.866025404
PRQ58781,-0.866025404,0.866025404,-0.866025404,0.866025404
PRQ58387,-0.866025404,0.866025404,-0.866025404,0.866025404
PRQ58555,-0.866025404,0.866025404,-0.866025404,0.866025404
PRQ55501,-0.866025404,0.866025404,-0.866025404,0.866025404
PRQ55630,-0.866025404,0.866025404,-0.866025404,0.866025404
PRQ55904,-0.866025404,0.866025404,-0.866025404,0.866025404
PRQ58909,-0.866025404,0.866025404,-0.866025404,0.866025404
PRQ57730,-0.866025404,0.866025404,-0.866025404,0.866025404
PRQ59037,-0.866025404,0.866025404,-0.866025404,0.866025404
PRQ55784,-0.866025404,0.866025404,-0.866025404,0.866025404
PRQ59977,-0.866025404,0.866025404,-0.866025404,0.866025404
PRQ55789,-0.866025404,0.866025404,-0.866025404,0.866025404
PRQ57420,-0.866025404,0.866025404,-0.866025404,0.866025404
PRQ55605,-0.866025404,0.866025404,-0.866025404,0.866025404
PRQ59868,-0.866025404,0.866025404,-0.866025404,0.866025404
PRQ60333,-0.866025404,0.866025404,-0.866025404,0.866025404
PRQ55394,-0.866025404,0.866025404,-0.866025404,0.866025404
PRQ56556,-0.866025404,0.866025404,-0.866025404,0.866025404
PRQ58742,-0.866025404,0.866025404,-0.866025404,0.866025404
PRQ58406,-0.866025404,0.866025404,-0.866025404,0.866025404
PRQ59667,-0.866025404,0.866025404,-0.866025404,0.866025404
PRQ59876,-0.866025404,0.866025404,-0.866025404,0.866025404
PRQ60154,-0.866025404,0.866025404,-0.866025404,0.866025404
PRQ57351,-0.866025404,0.866025404,-0.866025404,0.866025404
PRQ59398,-0.866025404,0.866025404,-0.866025404,0.866025404
PRQ58731,-0.866025404,0.866025404,-0.866025404,0.866025404
PRQ57692,-0.866025404,0.866025404,-0.866025404,0.866025404
PRQ60197,-0.866025404,0.866025404,-0.866025404,0.866025404
PRQ57077,-0.866025404,0.866025404,-0.866025404,0.866025404
PRQ55318,-0.866025404,0.866025404,-0.866025404,0.866025404
PRQ55408,-0.866025404,0.866025404,-0.866025404,0.866025404
PRQ57270,-0.866025404,0.866025404,-0.866025404,0.866025404
PRQ55686,-0.866025404,0.866025404,-0.866025404,0.866025404
PRQ54633,-0.866025404,0.866025404,-0.866025404,0.866025404
PRQ57693,-0.866025404,0.866025404,-0.866025404,0.866025404
PRQ59551,-0.866025404,0.866025404,-0.866025404,0.866025404
PRQ56048,-0.866025404,0.866025404,-0.866025404,0.866025404
PRQ60285,-0.866025404,0.866025404,-0.866025404,0.866025404
PRQ57741,-0.866025404,0.866025404,-0.866025404,0.866025404
PRQ60739,-0.866025404,0.866025404,-0.866025404,0.866025404
PRQ58981,-0.866025404,0.866025404,-0.866025404,0.866025404
PRQ54829,-0.866025404,0.866025404,-0.866025404,0.866025404
PRQ60283,-0.866025404,0.866025404,-0.866025404,0.866025404
PRQ56004,-0.866025404,0.866025404,-0.866025404,0.866025404
PRQ56649,-0.866025404,0.866025404,-0.866025404,0.866025404
PRQ58106,-0.866025404,0.866025404,-0.866025404,0.866025404
PRQ59369,-0.866025404,0.866025404,-0.866025404,0.866025404
PRQ56979,-0.866025404,0.866025404,-0.866025404,0.866025404
PRQ55310,-0.866025404,0.866025404,-0.866025404,0.866025404
PRQ60071,-0.866025404,0.866025404,-0.866025404,0.866025404
PRQ55100,-0.866025404,0.866025404,-0.866025404,0.866025404
PRQ54725,-0.866025404,0.866025404,-0.866025404,0.866025404
PRQ54737,-0.866025404,0.866025404,-0.866025404,0.866025404
PRQ54455,-0.866025404,0.866025404,-0.866025404,0.866025404
PRQ60457,-0.866025404,0.866025404,-0.866025404,0.866025404
PRQ59485,-0.866025404,0.866025404,-0.866025404,0.866025404
PRQ57064,-0.866025404,0.866025404,-0.866025404,0.866025404
PRQ59884,-0.866025404,0.866025404,-0.866025404,0.866025404
PRQ54738,-0.866025404,0.866025404,-0.866025404,0.866025404
PRQ57023,-0.866025404,0.866025404,-0.866025404,0.866025404
PRQ59321,-0.866025404,0.866025404,-0.866025404,0.866025404
PRQ60049,-0.866025404,0.866025404,-0.866025404,0.866025404
PRQ59515,-0.866025404,0.866025404,-0.866025404,0.866025404
PRQ56982,-0.866025404,0.866025404,-0.866025404,0.866025404
PRQ57641,-0.866025404,0.866025404,-0.866025404,0.866025404
PRQ55535,-0.866025404,0.866025404,-0.866025404,0.866025404
PRQ57571,-0.866025404,0.866025404,-0.866025404,0.866025404
PRQ59274,-0.866025404,0.866025404,-0.866025404,0.866025404
PRQ60549,-0.866025404,0.866025404,-0.866025404,0.866025404
PRQ57902,-0.866025404,0.866025404,-0.866025404,0.866025404
PRQ55099,-0.866025404,0.866025404,-0.866025404,0.866025404
PRQ59126,-0.866025404,0.866025404,-0.866025404,0.866025404
PRQ57166,-0.866025404,0.866025404,-0.866025404,0.866025404
PRQ57350,-0.866025404,0.866025404,-0.866025404,0.866025404
PRQ59165,-0.866025404,0.866025404,-0.866025404,0.866025404
PRQ58950,-0.866025404,0.866025404,-0.866025404,0.866025404
PRQ57416,-0.866025404,0.866025404,-0.866025404,0.866025404
PRQ59828,0,0,0,0
PRQ60433,-0.866025404,0.866025404,-0.866025404,0.866025404
PRQ59089,-0.866025404,0.866025404,-0.866025404,0.866025404
PRQ55628,-0.866025404,0.866025404,-0.866025404,0.866025404
PRQ56129,-0.866025404,0.866025404,-0.866025404,0.866025404
PRQ59270,-0.866025404,0.866025404,-0.866025404,0.866025404
PRQ60515,-0.866025404,0.866025404,-0.866025404,0.866025404
PRQ55238,-0.866025404,0.866025404,-0.866025404,0.866025404
PRQ58084,-0.866025404,0.866025404,-0.866025404,0.866025404
PRQ59376,-0.866025404,0.866025404,-0.866025404,0.866025404
PRQ55813,-0.866025404,0.866025404,-0.866025404,0.866025404
PRQ55415,-0.866025404,0.866025404,-0.866025404,0.866025404
PRQ60614,-0.866025404,0.866025404,-0.866025404,0.866025404
PRQ60189,-0.866025404,0.866025404,-0.866025404,0.866025404
PRQ57716,-0.866025404,0.866025404,-0.866025404,0.866025404
PRQ57297,-0.866025404,0.866025404,-0.866025404,0.866025404
PRQ54687,-0.866025404,0.866025404,-0.866025404,0.866025404
PRQ58719,-0.866025404,0.866025404,-0.866025404,0.866025404
PRQ60458,-0.866025404,0.866025404,-0.866025404,0.866025404
PRQ55025,-0.866025404,0.866025404,-0.866025404,0.866025404
PRQ60231,-0.866025404,0.866025404,-0.866025404,0.866025404
PRQ57263,-0.866025404,0.866025404,-0.866025404,0.866025404
PRQ58973,-0.866025404,0.866025404,-0.866025404,0.866025404
PRQ58851,-0.866025404,0.866025404,-0.866025404,0.866025404
PRQ59152,-0.866025404,0.866025404,-0.866025404,0.866025404
PRQ58700,-0.866025404,0.866025404,-0.866025404,0.866025404
PRQ55712,-0.866025404,0.866025404,-0.866025404,0.866025404
PRQ56089,-0.866025404,0.866025404,-0.866025404,0.866025404
PRQ56912,-0.866025404,0.866025404,-0.866025404,0.866025404
PRQ55860,-0.866025404,0.866025404,-0.866025404,0.866025404
PRQ58138,-0.866025404,0.866025404,-0.866025404,0.866025404
PRQ58760,-0.866025404,0.866025404,-0.866025404,0.866025404
PRQ60390,-0.866025404,0.866025404,-0.866025404,0.866025404
PRQ55871,-0.866025404,0.866025404,-0.866025404,0.866025404
PRQ56925,-0.866025404,0.866025404,-0.866025404,0.866025404
PRQ57133,-0.866025404,0.866025404,-0.866025404,0.866025404
PRQ56323,-0.866025404,0.866025404,-0.866025404,0.866025404
PRQ55460,-0.866025404,0.866025404,-0.866025404,0.866025404
PRQ58865,-0.866025404,0.866025404,-0.866025404,0.866025404
PRQ60280,0.866025404,-0.866025404,0.866025404,-0.866025404
PRQ60700,-0.866025404,0.866025404,-0.866025404,0.866025404
PRQ58537,-0.866025404,0.866025404,-0.866025404,0.866025404
PRQ56374,-0.866025404,0.866025404,-0.866025404,0.866025404
PRQ60144,-0.866025404,0.866025404,-0.866025404,0.866025404
PRQ59203,-0.866025404,0.866025404,-0.866025404,0.866025404
PRQ56284,-0.866025404,0.866025404,-0.866025404,0.866025404
PRQ59655,-0.866025404,0.866025404,-0.866025404,0.866025404
PRQ57080,-0.866025404,0.866025404,-0.866025404,0.866025404
PRQ60406,-0.866025404,0.866025404,-0.866025404,0.866025404
PRQ60388,-0.866025404,0.866025404,-0.866025404,0.866025404
PRQ56196,-0.866025404,0.866025404,-0.866025404,0.866025404
PRQ60647,-0.866025404,0.866025404,-0.866025404,0.866025404
PRQ54722,-0.866025404,0.866025404,-0.866025404,0.866025404
PRQ55612,-0.866025404,0.866025404,-0.866025404,0.866025404
PRQ58869,-0.866025404,0.866025404,-0.866025404,0.866025404
PRQ56164,-0.866025404,0.866025404,-0.866025404,0.866025404
PRQ57108,-0.866025404,0.866025404,-0.866025404,0.866025404
PRQ55685,-0.866025404,0.866025404,-0.866025404,0.866025404
PRQ57468,-0.866025404,0.866025404,-0.866025404,0.866025404
PRQ55184,-0.866025404,0.866025404,-0.866025404,0.866025404
PRQ59177,-0.866025404,0.866025404,-0.866025404,0.866025404
PRQ58265,-0.866025404,0.866025404,-0.866025404,0.866025404
PRQ60693,-0.866025404,0.866025404,-0.866025404,0.866025404
PRQ58501,-0.866025404,0.866025404,-0.866025404,0.866025404
PRQ54447,-0.866025404,0.866025404,-0.866025404,0.866025404
PRQ55619,-0.866025404,0.866025404,-0.866025404,0.866025404
PRQ57044,-0.866025404,0.866025404,-0.866025404,0.866025404
PRQ56894,-0.866025404,0.866025404,-0.866025404,0.866025404
PRQ56185,-0.866025404,0.866025404,-0.866025404,0.866025404
PRQ56311,-0.866025404,0.866025404,-0.866025404,0.866025404
PRQ56320,-0.866025404,0.866025404,-0.866025404,0.866025404
PRQ56510,-0.866025404,0.866025404,-0.866025404,0.866025404
PRQ56013,-0.866025404,0.866025404,-0.866025404,0.866025404
PRQ60533,-0.866025404,0.866025404,-0.866025404,0.866025404
PRQ56133,-0.866025404,0.866025404,-0.866025404,0.866025404
PRQ56620,-0.866025404,0.866025404,-0.866025404,0.866025404
PRQ55843,-0.866025404,0.866025404,-0.866025404,0.866025404
PRQ57277,-0.866025404,0.866025404,-0.866025404,0.866025404
PRQ59652,-0.866025404,0.866025404,-0.866025404,0.866025404
PRQ57804,-0.866025404,0.866025404,-0.866025404,0.866025404
PRQ58505,-0.866025404,0.866025404,-0.866025404,0.866025404
PRQ57459,-0.866025404,0.866025404,-0.866025404,0.866025404
PRQ59050,-0.866025404,0.866025404,-0.866025404,0.866025404
PRQ59199,-0.866025404,0.866025404,-0.866025404,0.866025404
PRQ58599,-0.866025404,0.866025404,-0.866025404,0.866025404
PRQ57538,-0.866025404,0.866025404,-0.866025404,0.866025404
PRQ60397,-0.866025404,0.866025404,-0.866025404,0.866025404
PRQ60626,-0.866025404,0.866025404,-0.866025404,0.866025404
PRQ58356,-0.866025404,0.866025404,-0.866025404,0.866025404
PRQ58210,-0.866025404,0.866025404,-0.866025404,0.866025404
PRQ55565,-0.866025404,0.866025404,-0.866025404,0.866025404
PRQ58544,-0.866025404,0.866025404,-0.866025404,0.866025404
PRQ55591,-0.866025404,0.866025404,-0.866025404,0.866025404
PRQ60132,-0.866025404,0.866025404,-0.866025404,0.866025404
PRQ59234,-0.866025404,0.866025404,-0.866025404,0.866025404
PRQ59355,-0.866025404,0.866025404,-0.866025404,0.866025404
PRQ57325,-0.866025404,0.866025404,-0.866025404,0.866025404
PRQ59497,-0.866025404,0.866025404,-0.866025404,0.866025404
PRQ60578,-0.866025404,0.866025404,-0.866025404,0.866025404
PRQ56647,-0.866025404,0.866025404,-0.866025404,0.866025404
PRQ58190,-0.866025404,0.866025404,-0.866025404,0.866025404
PRQ60129,-0.866025404,0.866025404,-0.866025404,0.866025404
PRQ60098,-0.866025404,0.866025404,-0.866025404,0.866025404
PRQ59715,0,0,0,0
PRQ54543,-0.866025404,0.866025404,-0.866025404,0.866025404
PRQ57917,-0.866025404,0.866025404,-0.866025404,0.866025404
PRQ59995,-0.866025404,0.866025404,-0.866025404,0.866025404
PRQ58395,-0.866025404,0.866025404,-0.866025404,0.866025404
PRQ58654,-0.866025404,0.866025404,-0.866025404,0.866025404
PRQ59707,-0.866025404,0.866025404,-0.866025404,0.866025404
PRQ56803,-0.866025404,0.866025404,-0.866025404,0.866025404
PRQ59865,-0.866025404,0.866025404,-0.866025404,0.866025404
PRQ54914,-0.866025404,0.866025404,-0.866025404,0.866025404
PRQ54404,-0.866025404,0.866025404,-0.866025404,0.866025404
PRQ56275,-0.866025404,0.866025404,-0.866025404,0.866025404
PRQ59766,-0.866025404,0.866025404,-0.866025404,0.866025404
PRQ58567,-0.866025404,0.866025404,-0.866025404,0.866025404
PRQ54878,-0.866025404,0.866025404,-0.866025404,0.866025404
PRQ58866,-0.866025404,0.866025404,-0.866025404,0.866025404
PRQ60019,-0.866025404,0.866025404,-0.866025404,0.866025404
PRQ59644,-0.866025404,0.866025404,-0.866025404,0.866025404
PRQ54724,-0.866025404,0.866025404,-0.866025404,0.866025404
PRQ57397,-0.866025404,0.866025404,-0.866025404,0.866025404
PRQ58561,-0.866025404,0.866025404,-0.866025404,0.866025404
PRQ57162,-0.866025404,0.866025404,-0.866025404,0.866025404
PRQ59809,-0.866025404,0.866025404,-0.866025404,0.866025404
PRQ58251,-0.866025404,0.866025404,-0.866025404,0.866025404
PRQ56860,-0.866025404,0.866025404,-0.866025404,0.866025404
PRQ56644,-0.866025404,0.866025404,-0.866025404,0.866025404
PRQ54823,-0.866025404,0.866025404,-0.866025404,0.866025404
PRQ54886,-0.866025404,0.866025404,-0.866025404,0.866025404
PRQ56238,-0.866025404,0.866025404,-0.866025404,0.866025404
PRQ59368,-0.866025404,0.866025404,-0.866025404,0.866025404
PRQ59573,-0.866025404,0.866025404,-0.866025404,0.866025404
PRQ59694,-0.866025404,0.866025404,-0.866025404,0.866025404
PRQ57536,-0.866025404,0.866025404,-0.866025404,0.866025404
PRQ57836,-0.866025404,0.866025404,-0.866025404,0.866025404
PRQ58255,-0.866025404,0.866025404,-0.866025404,0.866025404
PRQ56267,-0.866025404,0.866025404,-0.866025404,0.866025404
PRQ56807,-0.866025404,0.866025404,-0.866025404,0.866025404
PRQ54820,-0.866025404,0.866025404,-0.866025404,0.866025404
PRQ56817,-0.866025404,0.866025404,-0.866025404,0.866025404
PRQ60121,-0.866025404,0.866025404,-0.866025404,0.866025404
PRQ57159,-0.866025404,0.866025404,-0.866025404,0.866025404
PRQ55682,-0.866025404,0.866025404,-0.866025404,0.866025404
PRQ56916,-0.866025404,0.866025404,-0.866025404,0.866025404
PRQ58761,-0.866025404,0.866025404,-0.866025404,0.866025404
PRQ59646,-0.866025404,0.866025404,-0.866025404,0.866025404
PRQ59753,-0.866025404,0.866025404,-0.866025404,0.866025404
PRQ57832,-0.866025404,0.866025404,-0.866025404,0.866025404
PRQ59539,-0.866025404,0.866025404,-0.866025404,0.866025404
PRQ60056,-0.866025404,0.866025404,-0.866025404,0.866025404
PRQ60296,-0.866025404,0.866025404,-0.866025404,0.866025404
PRQ58149,-0.866025404,0.866025404,-0.866025404,0.866025404
PRQ57314,-0.866025404,0.866025404,-0.866025404,0.866025404
PRQ57438,-0.866025404,0.866025404,-0.866025404,0.866025404
PRQ57990,-0.866025404,0.866025404,-0.866025404,0.866025404
PRQ54994,-0.866025404,0.866025404,-0.866025404,0.866025404
PRQ58404,-0.866025404,0.866025404,-0.866025404,0.866025404
PRQ59564,-0.866025404,0.866025404,-0.866025404,0.866025404
PRQ55762,-0.866025404,0.866025404,-0.866025404,0.866025404
PRQ56606,-0.866025404,0.866025404,-0.866025404,0.866025404
PRQ57606,-0.866025404,0.866025404,-0.866025404,0.866025404
PRQ59078,-0.866025404,0.866025404,-0.866025404,0.866025404
PRQ57353,-0.866025404,0.866025404,-0.866025404,0.866025404
PRQ58584,-0.866025404,0.866025404,-0.866025404,0.866025404
PRQ54739,-0.866025404,0.866025404,-0.866025404,0.866025404
PRQ54799,-0.866025404,0.866025404,-0.866025404,0.866025404
PRQ60168,-0.866025404,0.866025404,-0.866025404,0.866025404
PRQ57768,-0.866025404,0.866025404,-0.866025404,0.866025404
PRQ60372,-0.866025404,0.866025404,-0.866025404,0.866025404
PRQ59517,-0.866025404,0.866025404,-0.866025404,0.866025404
PRQ58290,-0.866025404,0.866025404,-0.866025404,0.866025404
PRQ56469,-0.866025404,0.866025404,-0.866025404,0.866025404
PRQ56749,-0.866025404,0.866025404,-0.866025404,0.866025404
PRQ57448,-0.866025404,0.866025404,-0.866025404,0.866025404
PRQ57943,-0.866025404,0.866025404,-0.866025404,0.866025404
PRQ55757,-0.866025404,0.866025404,-0.866025404,0.866025404
PRQ57544,-0.866025404,0.866025404,-0.866025404,0.866025404
PRQ54920,-0.866025404,0.866025404,-0.866025404,0.866025404
PRQ55624,-0.866025404,0.866025404,-0.866025404,0.866025404
PRQ56446,-0.866025404,0.866025404,-0.866025404,0.866025404
PRQ56313,-0.866025404,0.866025404,-0.866025404,0.866025404
PRQ56731,0.866025404,-0.866025404,0.866025404,-0.866025404
PRQ59722,-0.866025404,0.866025404,-0.866025404,0.866025404
PRQ58543,-0.866025404,0.866025404,-0.866025404,0.866025404
PRQ57150,-0.866025404,0.866025404,-0.866025404,0.866025404
PRQ60087,-0.866025404,0.866025404,-0.866025404,0.866025404
PRQ59288,-0.866025404,0.866025404,-0.866025404,0.866025404
PRQ57054,-0.866025404,0.866025404,-0.866025404,0.866025404
PRQ58260,-0.866025404,0.866025404,-0.866025404,0.866025404
PRQ60423,-0.866025404,0.866025404,-0.866025404,0.866025404
PRQ57942,-0.866025404,0.866025404,-0.866025404,0.866025404
PRQ55138,-0.866025404,0.866025404,-0.866025404,0.866025404
PRQ59750,-0.866025404,0.866025404,-0.866025404,0.866025404
PRQ60048,-0.866025404,0.866025404,-0.866025404,0.866025404
PRQ54494,-0.866025404,0.866025404,-0.866025404,0.866025404
PRQ54637,-0.866025404,0.866025404,-0.866025404,0.866025404
PRQ59739,-0.866025404,0.866025404,-0.866025404,0.866025404
PRQ58871,-0.866025404,0.866025404,-0.866025404,0.866025404
PRQ55636,-0.866025404,0.866025404,-0.866025404,0.866025404
PRQ56073,-0.866025404,0.866025404,-0.866025404,0.866025404
PRQ60530,-0.866025404,0.866025404,-0.866025404,0.866025404
PRQ56787,-0.866025404,0.866025404,-0.866025404,0.866025404
PRQ58609,-0.866025404,0.866025404,-0.866025404,0.866025404
PRQ60503,-0.866025404,0.866025404,-0.866025404,0.866025404
PRQ60373,-0.866025404,0.866025404,-0.866025404,0.866025404
PRQ54815,-0.866025404,0.866025404,-0.866025404,0.866025404
PRQ57945,-0.866025404,0.866025404,-0.866025404,0.866025404
PRQ57431,-0.866025404,0.866025404,-0.866025404,0.866025404
PRQ59313,-0.866025404,0.866025404,-0.866025404,0.866025404
PRQ55536,-0.866025404,0.866025404,-0.866025404,0.866025404
PRQ60525,-0.866025404,0.866025404,-0.866025404,0.866025404
PRQ60508,-0.866025404,0.866025404,-0.866025404,0.866025404
PRQ60163,-0.866025404,0.866025404,-0.866025404,0.866025404
PRQ54857,-0.866025404,0.866025404,-0.866025404,0.866025404
PRQ54978,-0.866025404,0.866025404,-0.866025404,0.866025404
PRQ58987,-0.866025404,0.866025404,-0.866025404,0.866025404
PRQ58714,-0.866025404,0.866025404,-0.866025404,0.866025404
PRQ56322,-0.866025404,0.866025404,-0.866025404,0.866025404
PRQ60459,-0.866025404,0.866025404,-0.866025404,0.866025404
PRQ57404,-0.866025404,0.866025404,-0.866025404,0.866025404
PRQ56317,-0.866025404,0.866025404,-0.866025404,0.866025404
PRQ58295,-0.866025404,0.866025404,-0.866025404,0.866025404
PRQ56127,-0.866025404,0.866025404,-0.866025404,0.866025404
PRQ57740,-0.866025404,0.866025404,-0.866025404,0.866025404
PRQ60131,-0.866025404,0.866025404,-0.866025404,0.866025404
PRQ59087,-0.866025404,0.866025404,-0.866025404,0.866025404
PRQ58977,-0.866025404,0.866025404,-0.866025404,0.866025404
PRQ55367,-0.866025404,0.866025404,-0.866025404,0.866025404
PRQ55080,-0.866025404,0.866025404,-0.866025404,0.866025404
PRQ57953,-0.866025404,0.866025404,-0.866025404,0.866025404
PRQ59430,-0.866025404,0.866025404,-0.866025404,0.866025404
PRQ58590,-0.866025404,0.866025404,-0.866025404,0.866025404
PRQ56794,-0.866025404,0.866025404,-0.866025404,0.866025404
PRQ58844,-0.866025404,0.866025404,-0.866025404,0.866025404
PRQ60507,-0.866025404,0.866025404,-0.866025404,0.866025404
PRQ56494,-0.866025404,0.866025404,-0.866025404,0.866025404
PRQ58673,-0.866025404,0.866025404,-0.866025404,0.866025404
PRQ60485,-0.866025404,0.866025404,-0.866025404,0.866025404
PRQ60198,-0.866025404,0.866025404,-0.866025404,0.866025404
PRQ57491,-0.866025404,0.866025404,-0.866025404,0.866025404
PRQ56341,-0.866025404,0.866025404,-0.866025404,0.866025404
PRQ56020,-0.866025404,0.866025404,-0.866025404,0.866025404
PRQ55154,-0.866025404,0.866025404,-0.866025404,0.866025404
PRQ59029,-0.866025404,0.866025404,-0.866025404,0.866025404
PRQ56936,-0.866025404,0.866025404,-0.866025404,0.866025404
PRQ54600,-0.866025404,0.866025404,-0.866025404,0.866025404
PRQ54439,-0.866025404,0.866025404,-0.866025404,0.866025404
PRQ56632,-0.866025404,0.866025404,-0.866025404,0.866025404
PRQ58656,-0.866025404,0.866025404,-0.866025404,0.866025404
PRQ55426,-0.866025404,0.866025404,-0.866025404,0.866025404
PRQ55510,-0.866025404,0.866025404,-0.866025404,0.866025404
PRQ54682,-0.866025404,0.866025404,-0.866025404,0.866025404
PRQ55139,-0.866025404,0.866025404,-0.866025404,0.866025404
PRQ58773,-0.866025404,0.866025404,-0.866025404,0.866025404
PRQ59319,-0.866025404,0.866025404,-0.866025404,0.866025404
PRQ56472,-0.866025404,0.866025404,-0.866025404,0.866025404
PRQ54686,-0.866025404,0.866025404,-0.866025404,0.866025404
PRQ58108,-0.866025404,0.866025404,-0.866025404,0.866025404
PRQ60137,-0.866025404,0.866025404,-0.866025404,0.866025404
PRQ57816,-0.866025404,0.866025404,-0.866025404,0.866025404
PRQ54892,-0.866025404,0.866025404,-0.866025404,0.866025404
PRQ56259,-0.866025404,0.866025404,-0.866025404,0.866025404
PRQ58597,-0.866025404,0.866025404,-0.866025404,0.866025404
PRQ55504,-0.866025404,0.866025404,-0.866025404,0.866025404
PRQ56068,-0.866025404,0.866025404,-0.866025404,0.866025404
PRQ59749,-0.866025404,0.866025404,-0.866025404,0.866025404
PRQ59748,-0.866025404,0.866025404,-0.866025404,0.866025404
PRQ58021,-0.866025404,0.866025404,-0.866025404,0.866025404
PRQ57442,-0.866025404,0.866025404,-0.866025404,0.866025404
PRQ59606,-0.866025404,0.866025404,-0.866025404,0.866025404
PRQ59703,-0.866025404,0.866025404,-0.866025404,0.866025404
PRQ59337,-0.866025404,0.866025404,-0.866025404,0.866025404
PRQ57046,-0.866025404,0.866025404,-0.866025404,0.866025404
PRQ60383,-0.866025404,0.866025404,-0.866025404,0.866025404
PRQ58122,-0.866025404,0.866025404,-0.866025404,0.866025404
PRQ59643,-0.866025404,0.866025404,-0.866025404,0.866025404
PRQ60702,-0.866025404,0.866025404,-0.866025404,0.866025404
PRQ58015,-0.866025404,0.866025404,-0.866025404,0.866025404
PRQ60609,-0.866025404,0.866025404,-0.866025404,0.866025404
PRQ54962,-0.866025404,0.866025404,-0.866025404,0.866025404
PRQ57846,-0.866025404,0.866025404,-0.866025404,0.866025404
PRQ55279,-0.866025404,0.866025404,-0.866025404,0.866025404
PRQ57547,-0.866025404,0.866025404,-0.866025404,0.866025404
PRQ60706,-0.866025404,0.866025404,-0.866025404,0.866025404
PRQ55674,-0.866025404,0.866025404,-0.866025404,0.866025404
PRQ56108,-0.866025404,0.866025404,-0.866025404,0.866025404
PRQ55384,-0.866025404,0.866025404,-0.866025404,0.866025404
PRQ59458,-0.866025404,0.866025404,-0.866025404,0.866025404
PRQ60101,-0.866025404,0.866025404,-0.866025404,0.866025404
PRQ59053,-0.866025404,0.866025404,-0.866025404,0.866025404
PRQ59482,-0.866025404,0.866025404,-0.866025404,0.866025404
PRQ55012,-0.866025404,0.866025404,-0.866025404,0.866025404
PRQ59580,-0.866025404,0.866025404,-0.866025404,0.866025404
PRQ57870,-0.866025404,0.866025404,-0.866025404,0.866025404
PRQ58386,-0.866025404,0.866025404,-0.866025404,0.866025404
PRQ57055,-0.866025404,0.866025404,-0.866025404,0.866025404
PRQ59071,-0.866025404,0.866025404,-0.866025404,0.866025404
PRQ59415,-0.866025404,0.866025404,-0.866025404,0.866025404
PRQ58152,-0.866025404,0.866025404,-0.866025404,0.866025404
PRQ56145,-0.866025404,0.866025404,-0.866025404,0.866025404
PRQ56604,-0.866025404,0.866025404,-0.866025404,0.866025404
PRQ57399,-0.866025404,0.866025404,-0.866025404,0.866025404
PRQ60602,-0.866025404,0.866025404,-0.866025404,0.866025404
PRQ58409,-0.866025404,0.866025404,-0.866025404,0.866025404
PRQ59013,-0.866025404,0.866025404,-0.866025404,0.866025404
PRQ57132,-0.866025404,0.866025404,-0.866025404,0.866025404
PRQ55944,-0.866025404,0.866025404,-0.866025404,0.866025404
PRQ56665,0,0,0,0
PRQ56147,-0.866025404,0.866025404,-0.866025404,0.866025404
PRQ57705,-0.866025404,0.866025404,-0.866025404,0.866025404
PRQ60382,-0.866025404,0.866025404,-0.866025404,0.866025404
PRQ58540,-0.866025404,0.866025404,-0.866025404,0.866025404
PRQ56687,-0.866025404,0.866025404,-0.866025404,0.866025404
